Operator,Noisy_val_approx,Ideal_val,diff,REM_seq,Diff_REM,2q_gate,1q_gate,2q_gate_tr,1q_gate_tr,cx_gate,cx0_gate,no_T2,total_cnt,sum_cx,sum_cx0,sum_t2,sum_2q_tr,sum_1q_tr
"((0, 5), (2, 7))",-1.487605506,-1.487605506,0,-1.487125901,2.30021E-07,14,12,14,16,8,6,1,26,0.307692308,0.230769231,0.1,0.466666667,0.533333333
"((1, 4), (3, 6))",-1.487605506,-1.487605506,0,-1.487125902,2.3002E-07,14,12,14,16,8,6,1,26,0.307692308,0.230769231,0.1,0.466666667,0.533333333
"((1, 5), (3, 7))",-1.477021449,-1.477021449,0,-1.476522143,2.49307E-07,14,12,14,16,8,6,1,26,0.307692308,0.230769231,0.1,0.466666667,0.533333333
"((0, 4), (2, 6))",-1.476230725,-1.476230725,0,-1.475738293,2.42489E-07,14,12,14,16,8,6,1,26,0.307692308,0.230769231,0.1,0.466666667,0.533333333
"((1, 4), (2, 7))",-1.472777177,-1.472777177,0,-1.472293305,2.34132E-07,14,12,14,16,8,6,1,26,0.307692308,0.230769231,0.1,0.466666667,0.533333333
"((0, 4), (3, 7))",-1.470329735,-1.470329735,0,-1.469827626,2.52113E-07,14,12,14,16,8,6,1,26,0.307692308,0.230769231,0.1,0.466666667,0.533333333
"((4, 5), (6, 7))",-1.384001339,-1.413448917,0.00086716,-1.412744409,0.000826164,14,12,14,16,8,6,1,26,0.307692308,0.230769231,0.1,0.466666667,0.533333333
"((0, 1), (2, 3))",-1.381203894,-1.413448917,0.001039742,-1.411578841,0.000922637,14,12,14,16,8,6,1,26,0.307692308,0.230769231,0.1,0.466666667,0.533333333
"((1, 5), (2, 6))",-1.314809963,-1.50749555,0.037127735,-1.490189502,0.030757983,14,12,14,16,8,6,1,26,0.307692308,0.230769231,0.1,0.466666667,0.533333333
"((0, 5), (3, 6))",-1.276826073,-1.472777177,0.038396835,-1.462345617,0.034417501,14,12,14,16,8,6,1,26,0.307692308,0.230769231,0.1,0.466666667,0.533333333
"(((0, 5), (2, 7)), ((1, 4), (3, 6)))",-1.573157595,-1.573157595,0,-1.572713618,1.97116E-07,28,20,28,28,16,12,2,48,0.333333333,0.25,0.2,0.5,0.5
"(((0, 5), (2, 7)), ((1, 5), (3, 7)))",-1.542244539,-1.542244539,0,-1.541799782,1.97809E-07,28,20,28,28,16,12,2,48,0.333333333,0.25,0.2,0.5,0.5
"(((0, 5), (2, 7)), ((0, 4), (2, 6)))",-1.541513847,-1.541513847,0,-1.541072982,1.94362E-07,28,20,28,28,16,12,2,48,0.333333333,0.25,0.2,0.5,0.5
"(((0, 5), (2, 7)), ((1, 4), (2, 7)))",-1.492779387,-1.492779387,0,-1.492283514,2.4589E-07,28,20,28,28,16,12,2,48,0.333333333,0.25,0.2,0.5,0.5
"(((0, 5), (2, 7)), ((0, 4), (3, 7)))",-1.589454783,-1.589454783,0,-1.589036374,1.75066E-07,28,20,28,28,16,12,2,48,0.333333333,0.25,0.2,0.5,0.5
"(((0, 5), (2, 7)), ((4, 5), (6, 7)))",-1.470011962,-1.503559856,0.001125461,-1.501731778,0.001006147,28,20,28,28,16,12,2,48,0.333333333,0.25,0.2,0.5,0.5
"(((0, 5), (2, 7)), ((0, 1), (2, 3)))",-1.434395049,-1.504677107,0.004939568,-1.496859444,0.003901801,28,20,28,28,16,12,2,48,0.333333333,0.25,0.2,0.5,0.5
"(((0, 5), (2, 7)), ((1, 5), (2, 6)))",-1.465387483,-1.626515314,0.025962178,-1.619979957,0.023898833,28,20,28,28,16,12,2,48,0.333333333,0.25,0.2,0.5,0.5
"(((0, 5), (2, 7)), ((0, 5), (3, 6)))",-1.327857464,-1.491806347,0.026879236,-1.512250138,0.034000658,28,20,28,28,16,12,2,48,0.333333333,0.25,0.2,0.5,0.5
"(((1, 4), (3, 6)), ((1, 5), (3, 7)))",-1.542244539,-1.542244539,0,-1.541799783,1.97808E-07,28,20,28,28,16,12,2,48,0.333333333,0.25,0.2,0.5,0.5
"(((1, 4), (3, 6)), ((0, 4), (2, 6)))",-1.541513847,-1.541513847,0,-1.541072978,1.94365E-07,28,20,28,28,16,12,2,48,0.333333333,0.25,0.2,0.5,0.5
"(((1, 4), (3, 6)), ((1, 4), (2, 7)))",-1.491806351,-1.491806351,0,-1.491309355,2.47005E-07,28,20,28,28,16,12,2,48,0.333333333,0.25,0.2,0.5,0.5
"(((1, 4), (3, 6)), ((0, 4), (3, 7)))",-1.589454786,-1.589454786,0,-1.589036374,1.75069E-07,28,20,28,28,16,12,2,48,0.333333333,0.25,0.2,0.5,0.5
"(((1, 4), (3, 6)), ((4, 5), (6, 7)))",-1.466906822,-1.504677107,0.001426594,-1.504569782,0.001418499,28,20,28,28,16,12,2,48,0.333333333,0.25,0.2,0.5,0.5
"(((1, 4), (3, 6)), ((0, 1), (2, 3)))",-1.431197479,-1.503559855,0.005236313,-1.498833703,0.004574659,28,20,28,28,16,12,2,48,0.333333333,0.25,0.2,0.5,0.5
"(((1, 4), (3, 6)), ((1, 5), (2, 6)))",-1.463864015,-1.626515314,0.026455445,-1.617445241,0.023587193,28,20,28,28,16,12,2,48,0.333333333,0.25,0.2,0.5,0.5
"(((1, 4), (3, 6)), ((0, 5), (3, 6)))",-1.276720473,-1.492779385,0.046681453,-1.51208928,0.055398475,28,20,28,28,16,12,2,48,0.333333333,0.25,0.2,0.5,0.5
"(((1, 5), (3, 7)), ((0, 4), (2, 6)))",-1.552766799,-1.552766799,0,-1.552316993,2.02325E-07,28,20,28,28,16,12,2,48,0.333333333,0.25,0.2,0.5,0.5
"(((1, 5), (3, 7)), ((1, 4), (2, 7)))",-1.581895353,-1.581895353,0,-1.581478485,1.73779E-07,28,20,28,28,16,12,2,48,0.333333333,0.25,0.2,0.5,0.5
"(((1, 5), (3, 7)), ((0, 4), (3, 7)))",-1.489005103,-1.489005103,0,-1.488494582,2.60631E-07,28,20,28,28,16,12,2,48,0.333333333,0.25,0.2,0.5,0.5
"(((1, 5), (3, 7)), ((4, 5), (6, 7)))",-1.456798196,-1.48928481,0.00105538,-1.488699897,0.001017719,28,20,28,28,16,12,2,48,0.333333333,0.25,0.2,0.5,0.5
"(((1, 5), (3, 7)), ((0, 1), (2, 3)))",-1.420676202,-1.489284816,0.004707142,-1.485766474,0.004236744,28,20,28,28,16,12,2,48,0.333333333,0.25,0.2,0.5,0.5
"(((1, 5), (3, 7)), ((1, 5), (2, 6)))",-1.317538064,-1.510194264,0.037116411,-1.489970356,0.029732895,28,20,28,28,16,12,2,48,0.333333333,0.25,0.2,0.5,0.5
"(((1, 5), (3, 7)), ((0, 5), (3, 6)))",-1.411746986,-1.581895356,0.028950468,-1.590031879,0.031785503,28,20,28,28,16,12,2,48,0.333333333,0.25,0.2,0.5,0.5
"(((0, 4), (2, 6)), ((1, 4), (2, 7)))",-1.581735996,-1.581735996,0,-1.58132392,1.69807E-07,28,20,28,28,16,12,2,48,0.333333333,0.25,0.2,0.5,0.5
"(((0, 4), (2, 6)), ((0, 4), (3, 7)))",-1.487072472,-1.487072472,0,-1.48656321,2.59348E-07,28,20,28,28,16,12,2,48,0.333333333,0.25,0.2,0.5,0.5
"(((0, 4), (2, 6)), ((4, 5), (6, 7)))",-1.452510108,-1.488973865,0.001329606,-1.490067819,0.001410582,28,20,28,28,16,12,2,48,0.333333333,0.25,0.2,0.5,0.5
"(((0, 4), (2, 6)), ((0, 1), (2, 3)))",-1.424347326,-1.488973862,0.004176589,-1.482501175,0.00338187,28,20,28,28,16,12,2,48,0.333333333,0.25,0.2,0.5,0.5
"(((0, 4), (2, 6)), ((1, 5), (2, 6)))",-1.315587284,-1.510467176,0.037978172,-1.520924207,0.042163252,28,20,28,28,16,12,2,48,0.333333333,0.25,0.2,0.5,0.5
"(((0, 4), (2, 6)), ((0, 5), (3, 6)))",-1.419895223,-1.581735996,0.026192436,-1.588028805,0.028268901,28,20,28,28,16,12,2,48,0.333333333,0.25,0.2,0.5,0.5
"(((1, 4), (2, 7)), ((0, 4), (3, 7)))",-1.530063705,-1.530063705,0,-1.529622776,1.94418E-07,28,20,28,28,16,12,2,48,0.333333333,0.25,0.2,0.5,0.5
"(((1, 4), (2, 7)), ((4, 5), (6, 7)))",-1.477090696,-1.513082779,0.00129543,-1.512747405,0.001271401,28,20,28,28,16,12,2,48,0.333333333,0.25,0.2,0.5,0.5
"(((1, 4), (2, 7)), ((0, 1), (2, 3)))",-1.436487401,-1.506710326,0.004931259,-1.494390207,0.003352735,28,20,28,28,16,12,2,48,0.333333333,0.25,0.2,0.5,0.5
"(((1, 4), (2, 7)), ((1, 5), (2, 6)))",-1.391113435,-1.560356222,0.028643121,-1.549325795,0.025031151,28,20,28,28,16,12,2,48,0.333333333,0.25,0.2,0.5,0.5
"(((1, 4), (2, 7)), ((0, 5), (3, 6)))",-1.299244312,-1.541425199,0.058651582,-1.537795763,0.056906795,28,20,28,28,16,12,2,48,0.333333333,0.25,0.2,0.5,0.5
"(((0, 4), (3, 7)), ((4, 5), (6, 7)))",-1.45888755,-1.497051056,0.001456453,-1.495751888,0.001358979,28,20,28,28,16,12,2,48,0.333333333,0.25,0.2,0.5,0.5
"(((0, 4), (3, 7)), ((0, 1), (2, 3)))",-1.437590337,-1.497051059,0.003535577,-1.486597205,0.002401673,28,20,28,28,16,12,2,48,0.333333333,0.25,0.2,0.5,0.5
"(((0, 4), (3, 7)), ((1, 5), (2, 6)))",-1.38429185,-1.575204788,0.03644775,-1.556023522,0.029491767,28,20,28,28,16,12,2,48,0.333333333,0.25,0.2,0.5,0.5
"(((0, 4), (3, 7)), ((0, 5), (3, 6)))",-1.354006325,-1.530063707,0.030996202,-1.528213763,0.030348231,28,20,28,28,16,12,2,48,0.333333333,0.25,0.2,0.5,0.5
"(((4, 5), (6, 7)), ((0, 1), (2, 3)))",-1.356245352,-1.416553314,0.00363705,-1.415197522,0.003475358,28,20,28,28,16,12,2,48,0.333333333,0.25,0.2,0.5,0.5
"(((4, 5), (6, 7)), ((1, 5), (2, 6)))",-1.361404389,-1.539377632,0.031674475,-1.556070814,0.037895017,28,20,28,28,16,12,2,48,0.333333333,0.25,0.2,0.5,0.5
"(((4, 5), (6, 7)), ((0, 5), (3, 6)))",-1.341375209,-1.506710315,0.027335697,-1.546243436,0.041970991,28,20,28,28,16,12,2,48,0.333333333,0.25,0.2,0.5,0.5
"(((0, 1), (2, 3)), ((1, 5), (2, 6)))",-1.344948581,-1.539377634,0.037802657,-1.516900492,0.02956746,28,20,28,28,16,12,2,48,0.333333333,0.25,0.2,0.5,0.5
"(((0, 1), (2, 3)), ((0, 5), (3, 6)))",-1.334797087,-1.513082781,0.031785789,-1.512916933,0.03172668,28,20,28,28,16,12,2,48,0.333333333,0.25,0.2,0.5,0.5
"(((1, 5), (2, 6)), ((0, 5), (3, 6)))",-1.255234375,-1.560356219,0.09309934,-1.526590943,0.073634387,28,20,28,28,16,12,2,48,0.333333333,0.25,0.2,0.5,0.5
"(((0, 5), (2, 7)), ((1, 4), (3, 6)), ((1, 5), (3, 7)))",-1.605330281,-1.605330281,0,-1.604900012,1.85131E-07,42,28,42,40,24,18,3,70,0.342857143,0.257142857,0.3,0.512195122,0.487804878
"(((0, 5), (2, 7)), ((1, 4), (3, 6)), ((0, 4), (2, 6)))",-1.604676383,-1.604676383,0,-1.604247863,1.83629E-07,42,28,42,40,24,18,3,70,0.342857143,0.257142857,0.3,0.512195122,0.487804878
"(((0, 5), (2, 7)), ((1, 4), (3, 6)), ((1, 4), (2, 7)))",-1.574226154,-1.574226154,0,-1.573783464,1.95975E-07,42,28,42,40,24,18,3,70,0.342857143,0.257142857,0.3,0.512195122,0.487804878
"(((0, 5), (2, 7)), ((1, 4), (3, 6)), ((0, 4), (3, 7)))",-1.660932076,-1.660932076,0,-1.660513739,1.75005E-07,42,28,42,40,24,18,3,70,0.342857143,0.257142857,0.3,0.512195122,0.487804878
"(((0, 5), (2, 7)), ((1, 4), (3, 6)), ((4, 5), (6, 7)))",-1.549076598,-1.588579438,0.001560474,-1.588049275,0.00151887,42,28,42,40,24,18,3,70,0.342857143,0.257142857,0.3,0.512195122,0.487804878
"(((0, 5), (2, 7)), ((1, 4), (3, 6)), ((0, 1), (2, 3)))",-1.484442704,-1.588579437,0.010844459,-1.58642295,0.01039997,42,28,42,40,24,18,3,70,0.342857143,0.257142857,0.3,0.512195122,0.487804878
"(((0, 5), (2, 7)), ((1, 4), (3, 6)), ((1, 5), (2, 6)))",-1.414812377,-1.693352409,0.077584549,-1.64207134,0.051646636,42,28,42,40,24,18,3,70,0.342857143,0.257142857,0.3,0.512195122,0.487804878
"(((0, 5), (2, 7)), ((1, 4), (3, 6)), ((0, 5), (3, 6)))",-1.371205137,-1.574226152,0.041217533,-1.599717641,0.052217964,42,28,42,40,24,18,3,70,0.342857143,0.257142857,0.3,0.512195122,0.487804878
"(((0, 5), (2, 7)), ((1, 5), (3, 7)), ((0, 4), (2, 6)))",-1.625796757,-1.625796757,0,-1.625397101,1.59725E-07,42,28,42,40,24,18,3,70,0.342857143,0.257142857,0.3,0.512195122,0.487804878
"(((0, 5), (2, 7)), ((1, 5), (3, 7)), ((1, 4), (2, 7)))",-1.58748226,-1.58748226,0,-1.587058724,1.79382E-07,42,28,42,40,24,18,3,70,0.342857143,0.257142857,0.3,0.512195122,0.487804878
"(((0, 5), (2, 7)), ((1, 5), (3, 7)), ((0, 4), (3, 7)))",-1.595906376,-1.595906376,0,-1.595483454,1.78863E-07,42,28,42,40,24,18,3,70,0.342857143,0.257142857,0.3,0.512195122,0.487804878
"(((0, 5), (2, 7)), ((1, 5), (3, 7)), ((4, 5), (6, 7)))",-1.543810997,-1.581544158,0.001423791,-1.581749636,0.00143934,42,28,42,40,24,18,3,70,0.342857143,0.257142857,0.3,0.512195122,0.487804878
"(((0, 5), (2, 7)), ((1, 5), (3, 7)), ((0, 1), (2, 3)))",-1.475773489,-1.582731642,0.011440046,-1.566397941,0.008212791,42,28,42,40,24,18,3,70,0.342857143,0.257142857,0.3,0.512195122,0.487804878
"(((0, 5), (2, 7)), ((1, 5), (3, 7)), ((1, 5), (2, 6)))",-1.466707504,-1.627492486,0.02585181,-1.634691156,0.028218507,42,28,42,40,24,18,3,70,0.342857143,0.257142857,0.3,0.512195122,0.487804878
"(((0, 5), (2, 7)), ((1, 5), (3, 7)), ((0, 5), (3, 6)))",-1.414410354,-1.586608306,0.029652135,-1.59855797,0.033910345,42,28,42,40,24,18,3,70,0.342857143,0.257142857,0.3,0.512195122,0.487804878
"(((0, 5), (2, 7)), ((0, 4), (2, 6)), ((1, 4), (2, 7)))",-1.587164494,-1.587164494,0,-1.586746132,1.75027E-07,42,28,42,40,24,18,3,70,0.342857143,0.257142857,0.3,0.512195122,0.487804878
"(((0, 5), (2, 7)), ((0, 4), (2, 6)), ((0, 4), (3, 7)))",-1.594642792,-1.594642792,0,-1.594219926,1.78815E-07,42,28,42,40,24,18,3,70,0.342857143,0.257142857,0.3,0.512195122,0.487804878
"(((0, 5), (2, 7)), ((0, 4), (2, 6)), ((4, 5), (6, 7)))",-1.541022144,-1.581315187,0.001623529,-1.578231057,0.001384503,42,28,42,40,24,18,3,70,0.342857143,0.257142857,0.3,0.512195122,0.487804878
"(((0, 5), (2, 7)), ((0, 4), (2, 6)), ((0, 1), (2, 3)))",-1.481499447,-1.582531067,0.010207388,-1.561071648,0.006331735,42,28,42,40,24,18,3,70,0.342857143,0.257142857,0.3,0.512195122,0.487804878
"(((0, 5), (2, 7)), ((0, 4), (2, 6)), ((1, 5), (2, 6)))",-1.464856946,-1.627680436,0.026511489,-1.651131917,0.034698365,42,28,42,40,24,18,3,70,0.342857143,0.257142857,0.3,0.512195122,0.487804878
"(((0, 5), (2, 7)), ((0, 4), (2, 6)), ((0, 5), (3, 6)))",-1.40001344,-1.586297631,0.0347018,-1.599031148,0.039608048,42,28,42,40,24,18,3,70,0.342857143,0.257142857,0.3,0.512195122,0.487804878
"(((0, 5), (2, 7)), ((1, 4), (2, 7)), ((0, 4), (3, 7)))",-1.592384835,-1.592384835,0,-1.591962993,1.77951E-07,42,28,42,40,24,18,3,70,0.342857143,0.257142857,0.3,0.512195122,0.487804878
"(((0, 5), (2, 7)), ((1, 4), (2, 7)), ((4, 5), (6, 7)))",-1.526843144,-1.55761818,0.000947103,-1.550153582,0.000543377,42,28,42,40,24,18,3,70,0.342857143,0.257142857,0.3,0.512195122,0.487804878
"(((0, 5), (2, 7)), ((1, 4), (2, 7)), ((0, 1), (2, 3)))",-1.440865173,-1.549810102,0.011868998,-1.49518763,0.002950929,42,28,42,40,24,18,3,70,0.342857143,0.257142857,0.3,0.512195122,0.487804878
"(((0, 5), (2, 7)), ((1, 4), (2, 7)), ((1, 5), (2, 6)))",-1.469542624,-1.629564793,0.025607095,-1.639976624,0.029047748,42,28,42,40,24,18,3,70,0.342857143,0.257142857,0.3,0.512195122,0.487804878
"(((0, 5), (2, 7)), ((1, 4), (2, 7)), ((0, 5), (3, 6)))",-1.360473239,-1.541657107,0.032827594,-1.506444036,0.021307474,42,28,42,40,24,18,3,70,0.342857143,0.257142857,0.3,0.512195122,0.487804878
"(((0, 5), (2, 7)), ((0, 4), (3, 7)), ((4, 5), (6, 7)))",-1.546166272,-1.589465146,0.001874792,-1.589173977,0.001849663,42,28,42,40,24,18,3,70,0.342857143,0.257142857,0.3,0.512195122,0.487804878
"(((0, 5), (2, 7)), ((0, 4), (3, 7)), ((0, 1), (2, 3)))",-1.497456159,-1.589500206,0.008472107,-1.590432519,0.008644603,42,28,42,40,24,18,3,70,0.342857143,0.257142857,0.3,0.512195122,0.487804878
"(((0, 5), (2, 7)), ((0, 4), (3, 7)), ((1, 5), (2, 6)))",-1.571347714,-1.752837034,0.032938373,-1.729770965,0.025097926,42,28,42,40,24,18,3,70,0.342857143,0.257142857,0.3,0.512195122,0.487804878
"(((0, 5), (2, 7)), ((0, 4), (3, 7)), ((0, 5), (3, 6)))",-1.433358864,-1.591719671,0.025078145,-1.608548504,0.03069141,42,28,42,40,24,18,3,70,0.342857143,0.257142857,0.3,0.512195122,0.487804878
"(((0, 5), (2, 7)), ((4, 5), (6, 7)), ((0, 1), (2, 3)))",-1.419068144,-1.54214141,0.015147029,-1.517656237,0.009719612,42,28,42,40,24,18,3,70,0.342857143,0.257142857,0.3,0.512195122,0.487804878
"(((0, 5), (2, 7)), ((4, 5), (6, 7)), ((1, 5), (2, 6)))",-1.429426487,-1.62706979,0.039062875,-1.587786104,0.025077768,42,28,42,40,24,18,3,70,0.342857143,0.257142857,0.3,0.512195122,0.487804878
"(((0, 5), (2, 7)), ((4, 5), (6, 7)), ((0, 5), (3, 6)))",-1.409904328,-1.552115711,0.020224077,-1.611017719,0.040446596,42,28,42,40,24,18,3,70,0.342857143,0.257142857,0.3,0.512195122,0.487804878
"(((0, 5), (2, 7)), ((0, 1), (2, 3)), ((1, 5), (2, 6)))",-1.399197552,-1.626936617,0.051865082,-1.583090166,0.033816493,42,28,42,40,24,18,3,70,0.342857143,0.257142857,0.3,0.512195122,0.487804878
"(((0, 5), (2, 7)), ((0, 1), (2, 3)), ((0, 5), (3, 6)))",-1.364873993,-1.5643634,0.039796024,-1.565870404,0.040399557,42,28,42,40,24,18,3,70,0.342857143,0.257142857,0.3,0.512195122,0.487804878
"(((0, 5), (2, 7)), ((1, 5), (2, 6)), ((0, 5), (3, 6)))",-1.367024638,-1.628956895,0.068608507,-1.638956394,0.07394688,42,28,42,40,24,18,3,70,0.342857143,0.257142857,0.3,0.512195122,0.487804878
"(((1, 4), (3, 6)), ((1, 5), (3, 7)), ((0, 4), (2, 6)))",-1.625796764,-1.625796764,0,-1.625397106,1.59726E-07,42,28,42,40,24,18,3,70,0.342857143,0.257142857,0.3,0.512195122,0.487804878
"(((1, 4), (3, 6)), ((1, 5), (3, 7)), ((1, 4), (2, 7)))",-1.586608306,-1.586608306,0,-1.586184333,1.79753E-07,42,28,42,40,24,18,3,70,0.342857143,0.257142857,0.3,0.512195122,0.487804878
"(((1, 4), (3, 6)), ((1, 5), (3, 7)), ((0, 4), (3, 7)))",-1.595906376,-1.595906376,0,-1.595483454,1.78863E-07,42,28,42,40,24,18,3,70,0.342857143,0.257142857,0.3,0.512195122,0.487804878
"(((1, 4), (3, 6)), ((1, 5), (3, 7)), ((4, 5), (6, 7)))",-1.540455259,-1.582731642,0.001787293,-1.580104102,0.001572031,42,28,42,40,24,18,3,70,0.342857143,0.257142857,0.3,0.512195122,0.487804878
"(((1, 4), (3, 6)), ((1, 5), (3, 7)), ((0, 1), (2, 3)))",-1.484454155,-1.58154416,0.009426469,-1.57208983,0.007680012,42,28,42,40,24,18,3,70,0.342857143,0.257142857,0.3,0.512195122,0.487804878
"(((1, 4), (3, 6)), ((1, 5), (3, 7)), ((1, 5), (2, 6)))",-1.458291648,-1.627492494,0.028628926,-1.62549054,0.02795547,42,28,42,40,24,18,3,70,0.342857143,0.257142857,0.3,0.512195122,0.487804878
"(((1, 4), (3, 6)), ((1, 5), (3, 7)), ((0, 5), (3, 6)))",-1.413651266,-1.587482259,0.030217214,-1.629274546,0.046493399,42,28,42,40,24,18,3,70,0.342857143,0.257142857,0.3,0.512195122,0.487804878
"(((1, 4), (3, 6)), ((0, 4), (2, 6)), ((1, 4), (2, 7)))",-1.586297628,-1.586297628,0,-1.585878865,1.75363E-07,42,28,42,40,24,18,3,70,0.342857143,0.257142857,0.3,0.512195122,0.487804878
"(((1, 4), (3, 6)), ((0, 4), (2, 6)), ((0, 4), (3, 7)))",-1.594642786,-1.594642786,0,-1.594219919,1.78816E-07,42,28,42,40,24,18,3,70,0.342857143,0.257142857,0.3,0.512195122,0.487804878
"(((1, 4), (3, 6)), ((0, 4), (2, 6)), ((4, 5), (6, 7)))",-1.538885096,-1.582531065,0.001904971,-1.582260273,0.001881406,42,28,42,40,24,18,3,70,0.342857143,0.257142857,0.3,0.512195122,0.487804878
"(((1, 4), (3, 6)), ((0, 4), (2, 6)), ((0, 1), (2, 3)))",-1.477422449,-1.581315187,0.010793701,-1.565912613,0.007830509,42,28,42,40,24,18,3,70,0.342857143,0.257142857,0.3,0.512195122,0.487804878
"(((1, 4), (3, 6)), ((0, 4), (2, 6)), ((1, 5), (2, 6)))",-1.461677581,-1.627680423,0.027556944,-1.651637666,0.036084834,42,28,42,40,24,18,3,70,0.342857143,0.257142857,0.3,0.512195122,0.487804878
"(((1, 4), (3, 6)), ((0, 4), (2, 6)), ((0, 5), (3, 6)))",-1.420201085,-1.587164494,0.02787678,-1.637074214,0.047033954,42,28,42,40,24,18,3,70,0.342857143,0.257142857,0.3,0.512195122,0.487804878
"(((1, 4), (3, 6)), ((1, 4), (2, 7)), ((0, 4), (3, 7)))",-1.591719669,-1.591719669,0,-1.591297623,1.78123E-07,42,28,42,40,24,18,3,70,0.342857143,0.257142857,0.3,0.512195122,0.487804878
"(((1, 4), (3, 6)), ((1, 4), (2, 7)), ((4, 5), (6, 7)))",-1.537963037,-1.564363402,0.000696979,-1.571013307,0.00109232,42,28,42,40,24,18,3,70,0.342857143,0.257142857,0.3,0.512195122,0.487804878
"(((1, 4), (3, 6)), ((1, 4), (2, 7)), ((0, 1), (2, 3)))",-1.453028862,-1.552115755,0.009818212,-1.521415322,0.004676708,42,28,42,40,24,18,3,70,0.342857143,0.257142857,0.3,0.512195122,0.487804878
"(((1, 4), (3, 6)), ((1, 4), (2, 7)), ((1, 5), (2, 6)))",-1.470234357,-1.628956902,0.025192846,-1.63563564,0.027357584,42,28,42,40,24,18,3,70,0.342857143,0.257142857,0.3,0.512195122,0.487804878
"(((1, 4), (3, 6)), ((1, 4), (2, 7)), ((0, 5), (3, 6)))",-1.301104493,-1.541657107,0.05786556,-1.544787982,0.059381643,42,28,42,40,24,18,3,70,0.342857143,0.257142857,0.3,0.512195122,0.487804878
"(((1, 4), (3, 6)), ((0, 4), (3, 7)), ((4, 5), (6, 7)))",-1.54837532,-1.589500214,0.001691257,-1.589594187,0.001698995,42,28,42,40,24,18,3,70,0.342857143,0.257142857,0.3,0.512195122,0.487804878
"(((1, 4), (3, 6)), ((0, 4), (3, 7)), ((0, 1), (2, 3)))",-1.500293492,-1.589465152,0.007951585,-1.589874442,0.008024747,42,28,42,40,24,18,3,70,0.342857143,0.257142857,0.3,0.512195122,0.487804878
"(((1, 4), (3, 6)), ((0, 4), (3, 7)), ((1, 5), (2, 6)))",-1.565698714,-1.752837026,0.035020748,-1.726076534,0.025721045,42,28,42,40,24,18,3,70,0.342857143,0.257142857,0.3,0.512195122,0.487804878
"(((1, 4), (3, 6)), ((0, 4), (3, 7)), ((0, 5), (3, 6)))",-1.387534183,-1.592384838,0.041963791,-1.617758784,0.053003367,42,28,42,40,24,18,3,70,0.342857143,0.257142857,0.3,0.512195122,0.487804878
"(((1, 4), (3, 6)), ((4, 5), (6, 7)), ((0, 1), (2, 3)))",-1.409401318,-1.542141414,0.017619933,-1.528860468,0.014270489,42,28,42,40,24,18,3,70,0.342857143,0.257142857,0.3,0.512195122,0.487804878
"(((1, 4), (3, 6)), ((4, 5), (6, 7)), ((1, 5), (2, 6)))",-1.435684726,-1.626936618,0.036577286,-1.580961505,0.021105343,42,28,42,40,24,18,3,70,0.342857143,0.257142857,0.3,0.512195122,0.487804878
"(((1, 4), (3, 6)), ((4, 5), (6, 7)), ((0, 5), (3, 6)))",-1.361839536,-1.549810052,0.035332915,-1.627652662,0.070656618,42,28,42,40,24,18,3,70,0.342857143,0.257142857,0.3,0.512195122,0.487804878
"(((1, 4), (3, 6)), ((0, 1), (2, 3)), ((1, 5), (2, 6)))",-1.398755581,-1.627069796,0.052127381,-1.579096346,0.032522792,42,28,42,40,24,18,3,70,0.342857143,0.257142857,0.3,0.512195122,0.487804878
"(((1, 4), (3, 6)), ((0, 1), (2, 3)), ((0, 5), (3, 6)))",-1.335209772,-1.557618203,0.04946551,-1.573287552,0.056681029,42,28,42,40,24,18,3,70,0.342857143,0.257142857,0.3,0.512195122,0.487804878
"(((1, 4), (3, 6)), ((1, 5), (2, 6)), ((0, 5), (3, 6)))",-1.316604724,-1.629564788,0.097944002,-1.628056909,0.097002464,42,28,42,40,24,18,3,70,0.342857143,0.257142857,0.3,0.512195122,0.487804878
"(((1, 5), (3, 7)), ((0, 4), (2, 6)), ((1, 4), (2, 7)))",-1.651511359,-1.651511359,0,-1.651098727,1.70266E-07,42,28,42,40,24,18,3,70,0.342857143,0.257142857,0.3,0.512195122,0.487804878
"(((1, 5), (3, 7)), ((0, 4), (2, 6)), ((0, 4), (3, 7)))",-1.553023295,-1.553023295,0,-1.552574471,2.01443E-07,42,28,42,40,24,18,3,70,0.342857143,0.257142857,0.3,0.512195122,0.487804878
"(((1, 5), (3, 7)), ((0, 4), (2, 6)), ((4, 5), (6, 7)))",-1.530866265,-1.570024215,0.001533345,-1.569202866,0.001469695,42,28,42,40,24,18,3,70,0.342857143,0.257142857,0.3,0.512195122,0.487804878
"(((1, 5), (3, 7)), ((0, 4), (2, 6)), ((0, 1), (2, 3)))",-1.471363149,-1.570024216,0.009734006,-1.569480749,0.009627063,42,28,42,40,24,18,3,70,0.342857143,0.257142857,0.3,0.512195122,0.487804878
"(((1, 5), (3, 7)), ((0, 4), (2, 6)), ((1, 5), (2, 6)))",-1.35697539,-1.552766862,0.038334301,-1.562563772,0.042266583,42,28,42,40,24,18,3,70,0.342857143,0.257142857,0.3,0.512195122,0.487804878
"(((1, 5), (3, 7)), ((0, 4), (2, 6)), ((0, 5), (3, 6)))",-1.464951533,-1.651511359,0.034804569,-1.620298623,0.024132718,42,28,42,40,24,18,3,70,0.342857143,0.257142857,0.3,0.512195122,0.487804878
"(((1, 5), (3, 7)), ((1, 4), (2, 7)), ((0, 4), (3, 7)))",-1.588264259,-1.588264259,0,-1.587843949,1.7666E-07,42,28,42,40,24,18,3,70,0.342857143,0.257142857,0.3,0.512195122,0.487804878
"(((1, 5), (3, 7)), ((1, 4), (2, 7)), ((4, 5), (6, 7)))",-1.539818236,-1.583888577,0.001942195,-1.582093752,0.001787219,42,28,42,40,24,18,3,70,0.342857143,0.257142857,0.3,0.512195122,0.487804878
"(((1, 5), (3, 7)), ((1, 4), (2, 7)), ((0, 1), (2, 3)))",-1.482056487,-1.582732571,0.010135674,-1.581998487,0.009988403,42,28,42,40,24,18,3,70,0.342857143,0.257142857,0.3,0.512195122,0.487804878
"(((1, 5), (3, 7)), ((1, 4), (2, 7)), ((1, 5), (2, 6)))",-1.437541667,-1.59532181,0.024894574,-1.601328156,0.026826014,42,28,42,40,24,18,3,70,0.342857143,0.257142857,0.3,0.512195122,0.487804878
"(((1, 5), (3, 7)), ((1, 4), (2, 7)), ((0, 5), (3, 6)))",-1.494047555,-1.711424234,0.047252621,-1.723491661,0.052644598,42,28,42,40,24,18,3,70,0.342857143,0.257142857,0.3,0.512195122,0.487804878
"(((1, 5), (3, 7)), ((0, 4), (3, 7)), ((4, 5), (6, 7)))",-1.45210701,-1.508204377,0.003146915,-1.489735859,0.00141593,42,28,42,40,24,18,3,70,0.342857143,0.257142857,0.3,0.512195122,0.487804878
"(((1, 5), (3, 7)), ((0, 4), (3, 7)), ((0, 1), (2, 3)))",-1.441628283,-1.508204363,0.004432374,-1.4902379,0.002362895,42,28,42,40,24,18,3,70,0.342857143,0.257142857,0.3,0.512195122,0.487804878
"(((1, 5), (3, 7)), ((0, 4), (3, 7)), ((1, 5), (2, 6)))",-1.383836051,-1.575825959,0.036860125,-1.56423848,0.032545037,42,28,42,40,24,18,3,70,0.342857143,0.257142857,0.3,0.512195122,0.487804878
"(((1, 5), (3, 7)), ((0, 4), (3, 7)), ((0, 5), (3, 6)))",-1.412970624,-1.588264258,0.030727858,-1.595075056,0.033162024,42,28,42,40,24,18,3,70,0.342857143,0.257142857,0.3,0.512195122,0.487804878
"(((1, 5), (3, 7)), ((4, 5), (6, 7)), ((0, 1), (2, 3)))",-1.401662646,-1.520060611,0.014018078,-1.504859039,0.010649496,42,28,42,40,24,18,3,70,0.342857143,0.257142857,0.3,0.512195122,0.487804878
"(((1, 5), (3, 7)), ((4, 5), (6, 7)), ((1, 5), (2, 6)))",-1.420346085,-1.559997056,0.019502394,-1.603931121,0.033703466,42,28,42,40,24,18,3,70,0.342857143,0.257142857,0.3,0.512195122,0.487804878
"(((1, 5), (3, 7)), ((4, 5), (6, 7)), ((0, 5), (3, 6)))",-1.358360561,-1.582732573,0.0503428,-1.562094053,0.041507336,42,28,42,40,24,18,3,70,0.342857143,0.257142857,0.3,0.512195122,0.487804878
"(((1, 5), (3, 7)), ((0, 1), (2, 3)), ((1, 5), (2, 6)))",-1.372871444,-1.559997056,0.035015995,-1.545578328,0.029827668,42,28,42,40,24,18,3,70,0.342857143,0.257142857,0.3,0.512195122,0.487804878
"(((1, 5), (3, 7)), ((0, 1), (2, 3)), ((0, 5), (3, 6)))",-1.350125708,-1.583888581,0.054645081,-1.55035766,0.040092834,42,28,42,40,24,18,3,70,0.342857143,0.257142857,0.3,0.512195122,0.487804878
"(((1, 5), (3, 7)), ((1, 5), (2, 6)), ((0, 5), (3, 6)))",-1.283628243,-1.59532181,0.09715288,-1.594723492,0.096780254,42,28,42,40,24,18,3,70,0.342857143,0.257142857,0.3,0.512195122,0.487804878
"(((0, 4), (2, 6)), ((1, 4), (2, 7)), ((0, 4), (3, 7)))",-1.587029859,-1.587029859,0,-1.58661315,1.73646E-07,42,28,42,40,24,18,3,70,0.342857143,0.257142857,0.3,0.512195122,0.487804878
"(((0, 4), (2, 6)), ((1, 4), (2, 7)), ((4, 5), (6, 7)))",-1.544016521,-1.583634795,0.001569608,-1.583286756,0.001542151,42,28,42,40,24,18,3,70,0.342857143,0.257142857,0.3,0.512195122,0.487804878
"(((0, 4), (2, 6)), ((1, 4), (2, 7)), ((0, 1), (2, 3)))",-1.491600915,-1.582509036,0.008264286,-1.584069218,0.008550387,42,28,42,40,24,18,3,70,0.342857143,0.257142857,0.3,0.512195122,0.487804878
"(((0, 4), (2, 6)), ((1, 4), (2, 7)), ((1, 5), (2, 6)))",-1.418333265,-1.595975106,0.031556624,-1.623478376,0.042084517,42,28,42,40,24,18,3,70,0.342857143,0.257142857,0.3,0.512195122,0.487804878
"(((0, 4), (2, 6)), ((1, 4), (2, 7)), ((0, 5), (3, 6)))",-1.489012832,-1.713025964,0.050181883,-1.717788299,0.052338214,42,28,42,40,24,18,3,70,0.342857143,0.257142857,0.3,0.512195122,0.487804878
"(((0, 4), (2, 6)), ((0, 4), (3, 7)), ((4, 5), (6, 7)))",-1.472407333,-1.51496695,0.001811321,-1.488130877,0.00024723,42,28,42,40,24,18,3,70,0.342857143,0.257142857,0.3,0.512195122,0.487804878
"(((0, 4), (2, 6)), ((0, 4), (3, 7)), ((0, 1), (2, 3)))",-1.437604411,-1.514967069,0.005984981,-1.490201066,0.002766408,42,28,42,40,24,18,3,70,0.342857143,0.257142857,0.3,0.512195122,0.487804878
"(((0, 4), (2, 6)), ((0, 4), (3, 7)), ((1, 5), (2, 6)))",-1.384670224,-1.575873761,0.036558793,-1.576298548,0.036721415,42,28,42,40,24,18,3,70,0.342857143,0.257142857,0.3,0.512195122,0.487804878
"(((0, 4), (2, 6)), ((0, 4), (3, 7)), ((0, 5), (3, 6)))",-1.417032657,-1.58702986,0.028899049,-1.605941376,0.035686504,42,28,42,40,24,18,3,70,0.342857143,0.257142857,0.3,0.512195122,0.487804878
"(((0, 4), (2, 6)), ((4, 5), (6, 7)), ((0, 1), (2, 3)))",-1.398979862,-1.521773887,0.015078373,-1.502865094,0.010792141,42,28,42,40,24,18,3,70,0.342857143,0.257142857,0.3,0.512195122,0.487804878
"(((0, 4), (2, 6)), ((4, 5), (6, 7)), ((1, 5), (2, 6)))",-1.378823196,-1.558755123,0.032375498,-1.596592387,0.04742342,42,28,42,40,24,18,3,70,0.342857143,0.257142857,0.3,0.512195122,0.487804878
"(((0, 4), (2, 6)), ((4, 5), (6, 7)), ((0, 5), (3, 6)))",-1.383669522,-1.582509035,0.039537152,-1.55977031,0.031011488,42,28,42,40,24,18,3,70,0.342857143,0.257142857,0.3,0.512195122,0.487804878
"(((0, 4), (2, 6)), ((0, 1), (2, 3)), ((1, 5), (2, 6)))",-1.349474194,-1.558755123,0.043798507,-1.498287552,0.022145416,42,28,42,40,24,18,3,70,0.342857143,0.257142857,0.3,0.512195122,0.487804878
"(((0, 4), (2, 6)), ((0, 1), (2, 3)), ((0, 5), (3, 6)))",-1.332419553,-1.583634798,0.063109099,-1.553891357,0.04904976,42,28,42,40,24,18,3,70,0.342857143,0.257142857,0.3,0.512195122,0.487804878
"(((0, 4), (2, 6)), ((1, 5), (2, 6)), ((0, 5), (3, 6)))",-1.242804405,-1.59597511,0.124729547,-1.560283614,0.100793048,42,28,42,40,24,18,3,70,0.342857143,0.257142857,0.3,0.512195122,0.487804878
"(((1, 4), (2, 7)), ((0, 4), (3, 7)), ((4, 5), (6, 7)))",-1.547733527,-1.590773778,0.001852463,-1.58838786,0.001652775,42,28,42,40,24,18,3,70,0.342857143,0.257142857,0.3,0.512195122,0.487804878
"(((1, 4), (2, 7)), ((0, 4), (3, 7)), ((0, 1), (2, 3)))",-1.487822482,-1.585035421,0.009450356,-1.564176992,0.005830011,42,28,42,40,24,18,3,70,0.342857143,0.257142857,0.3,0.512195122,0.487804878
"(((1, 4), (2, 7)), ((0, 4), (3, 7)), ((1, 5), (2, 6)))",-1.463633235,-1.644586877,0.032744221,-1.626931804,0.026666423,42,28,42,40,24,18,3,70,0.342857143,0.257142857,0.3,0.512195122,0.487804878
"(((1, 4), (2, 7)), ((0, 4), (3, 7)), ((0, 5), (3, 6)))",-1.393785007,-1.617258337,0.049940329,-1.619265067,0.050841258,42,28,42,40,24,18,3,70,0.342857143,0.257142857,0.3,0.512195122,0.487804878
"(((1, 4), (2, 7)), ((4, 5), (6, 7)), ((0, 1), (2, 3)))",-1.435132798,-1.565287329,0.016940202,-1.543852519,0.011819978,42,28,42,40,24,18,3,70,0.342857143,0.257142857,0.3,0.512195122,0.487804878
"(((1, 4), (2, 7)), ((4, 5), (6, 7)), ((1, 5), (2, 6)))",-1.443319909,-1.62085688,0.031519376,-1.593717351,0.02261939,42,28,42,40,24,18,3,70,0.342857143,0.257142857,0.3,0.512195122,0.487804878
"(((1, 4), (2, 7)), ((4, 5), (6, 7)), ((0, 5), (3, 6)))",-1.319675751,-1.609682515,0.084103923,-1.613767967,0.086490232,42,28,42,40,24,18,3,70,0.342857143,0.257142857,0.3,0.512195122,0.487804878
"(((1, 4), (2, 7)), ((0, 1), (2, 3)), ((1, 5), (2, 6)))",-1.421931058,-1.615893225,0.037621322,-1.58903322,0.027923132,42,28,42,40,24,18,3,70,0.342857143,0.257142857,0.3,0.512195122,0.487804878
"(((1, 4), (2, 7)), ((0, 1), (2, 3)), ((0, 5), (3, 6)))",-1.358914002,-1.609682515,0.062884847,-1.588439279,0.052681853,42,28,42,40,24,18,3,70,0.342857143,0.257142857,0.3,0.512195122,0.487804878
"(((1, 4), (2, 7)), ((1, 5), (2, 6)), ((0, 5), (3, 6)))",-1.321015307,-1.641969471,0.103011575,-1.618856622,0.088709449,42,28,42,40,24,18,3,70,0.342857143,0.257142857,0.3,0.512195122,0.487804878
"(((0, 4), (3, 7)), ((4, 5), (6, 7)), ((0, 1), (2, 3)))",-1.431536978,-1.545579534,0.013005705,-1.524089252,0.008565923,42,28,42,40,24,18,3,70,0.342857143,0.257142857,0.3,0.512195122,0.487804878
"(((0, 4), (3, 7)), ((4, 5), (6, 7)), ((1, 5), (2, 6)))",-1.413404254,-1.62783381,0.045980034,-1.607004593,0.037481091,42,28,42,40,24,18,3,70,0.342857143,0.257142857,0.3,0.512195122,0.487804878
"(((0, 4), (3, 7)), ((4, 5), (6, 7)), ((0, 5), (3, 6)))",-1.405960867,-1.585035412,0.032067693,-1.586313539,0.032527086,42,28,42,40,24,18,3,70,0.342857143,0.257142857,0.3,0.512195122,0.487804878
"(((0, 4), (3, 7)), ((0, 1), (2, 3)), ((1, 5), (2, 6)))",-1.394198765,-1.627833811,0.054585335,-1.572847409,0.031915338,42,28,42,40,24,18,3,70,0.342857143,0.257142857,0.3,0.512195122,0.487804878
"(((0, 4), (3, 7)), ((0, 1), (2, 3)), ((0, 5), (3, 6)))",-1.36468552,-1.590773782,0.051115902,-1.556431011,0.036766333,42,28,42,40,24,18,3,70,0.342857143,0.257142857,0.3,0.512195122,0.487804878
"(((0, 4), (3, 7)), ((1, 5), (2, 6)), ((0, 5), (3, 6)))",-1.299578997,-1.610247751,0.096515075,-1.575961081,0.076387056,42,28,42,40,24,18,3,70,0.342857143,0.257142857,0.3,0.512195122,0.487804878
"(((4, 5), (6, 7)), ((0, 1), (2, 3)), ((1, 5), (2, 6)))",-1.29484453,-1.55838232,0.069452167,-1.510017824,0.046299547,42,28,42,40,24,18,3,70,0.342857143,0.257142857,0.3,0.512195122,0.487804878
"(((4, 5), (6, 7)), ((0, 1), (2, 3)), ((0, 5), (3, 6)))",-1.292298086,-1.529976108,0.056490842,-1.498619713,0.042568614,42,28,42,40,24,18,3,70,0.342857143,0.257142857,0.3,0.512195122,0.487804878
"(((4, 5), (6, 7)), ((1, 5), (2, 6)), ((0, 5), (3, 6)))",-1.338765061,-1.615893226,0.07680002,-1.589078008,0.062656571,42,28,42,40,24,18,3,70,0.342857143,0.257142857,0.3,0.512195122,0.487804878
"(((0, 1), (2, 3)), ((1, 5), (2, 6)), ((0, 5), (3, 6)))",-1.317978539,-1.62085688,0.091735289,-1.545422323,0.051730675,42,28,42,40,24,18,3,70,0.342857143,0.257142857,0.3,0.512195122,0.487804878
"(((0, 5), (2, 7)), ((1, 4), (3, 6)), ((1, 5), (3, 7)), ((0, 4), (2, 6)))",-1.70058427,-1.70058427,0,-1.70018438,1.59912E-07,56,36,56,52,32,24,4,92,0.347826087,0.260869565,0.4,0.518518519,0.481481481
"(((0, 5), (2, 7)), ((1, 4), (3, 6)), ((1, 5), (3, 7)), ((1, 4), (2, 7)))",-1.606692505,-1.606692505,0,-1.606261147,1.8607E-07,56,36,56,52,32,24,4,92,0.347826087,0.260869565,0.4,0.518518519,0.481481481
"(((0, 5), (2, 7)), ((1, 4), (3, 6)), ((1, 5), (3, 7)), ((0, 4), (3, 7)))",-1.673402339,-1.673402339,0,-1.672985714,1.73576E-07,56,36,56,52,32,24,4,92,0.347826087,0.260869565,0.4,0.518518519,0.481481481
"(((0, 5), (2, 7)), ((1, 4), (3, 6)), ((1, 5), (3, 7)), ((4, 5), (6, 7)))",-1.50792885,-1.635963254,0.016392809,-1.63395476,0.01588253,56,36,56,52,32,24,4,92,0.347826087,0.260869565,0.4,0.518518519,0.481481481
"(((0, 5), (2, 7)), ((1, 4), (3, 6)), ((1, 5), (3, 7)), ((0, 1), (2, 3)))",-1.518855264,-1.635963261,0.013714283,-1.627417246,0.011785704,56,36,56,52,32,24,4,92,0.347826087,0.260869565,0.4,0.518518519,0.481481481
"(((0, 5), (2, 7)), ((1, 4), (3, 6)), ((1, 5), (3, 7)), ((1, 5), (2, 6)))",-1.423088234,-1.699210609,0.076243566,-1.673833944,0.062873411,56,36,56,52,32,24,4,92,0.347826087,0.260869565,0.4,0.518518519,0.481481481
"(((0, 5), (2, 7)), ((1, 4), (3, 6)), ((1, 5), (3, 7)), ((0, 5), (3, 6)))",-1.411716775,-1.606692506,0.038015536,-1.639877681,0.052057399,56,36,56,52,32,24,4,92,0.347826087,0.260869565,0.4,0.518518519,0.481481481
"(((0, 5), (2, 7)), ((1, 4), (3, 6)), ((0, 4), (2, 6)), ((1, 4), (2, 7)))",-1.606014035,-1.606014035,0,-1.605585048,1.8403E-07,56,36,56,52,32,24,4,92,0.347826087,0.260869565,0.4,0.518518519,0.481481481
"(((0, 5), (2, 7)), ((1, 4), (3, 6)), ((0, 4), (2, 6)), ((0, 4), (3, 7)))",-1.671698155,-1.671698155,0,-1.671280958,1.74053E-07,56,36,56,52,32,24,4,92,0.347826087,0.260869565,0.4,0.518518519,0.481481481
"(((0, 5), (2, 7)), ((1, 4), (3, 6)), ((0, 4), (2, 6)), ((4, 5), (6, 7)))",-1.51773669,-1.635460502,0.013858896,-1.632178825,0.013097002,56,36,56,52,32,24,4,92,0.347826087,0.260869565,0.4,0.518518519,0.481481481
"(((0, 5), (2, 7)), ((1, 4), (3, 6)), ((0, 4), (2, 6)), ((0, 1), (2, 3)))",-1.51618242,-1.635460504,0.014227261,-1.625633043,0.011979439,56,36,56,52,32,24,4,92,0.347826087,0.260869565,0.4,0.518518519,0.481481481
"(((0, 5), (2, 7)), ((1, 4), (3, 6)), ((0, 4), (2, 6)), ((1, 5), (2, 6)))",-1.424969953,-1.699870464,0.075570291,-1.681158708,0.065632678,56,36,56,52,32,24,4,92,0.347826087,0.260869565,0.4,0.518518519,0.481481481
"(((0, 5), (2, 7)), ((1, 4), (3, 6)), ((0, 4), (2, 6)), ((0, 5), (3, 6)))",-1.409872097,-1.606014033,0.038471659,-1.639946039,0.052934019,56,36,56,52,32,24,4,92,0.347826087,0.260869565,0.4,0.518518519,0.481481481
"(((0, 5), (2, 7)), ((1, 4), (3, 6)), ((1, 4), (2, 7)), ((0, 4), (3, 7)))",-1.660939592,-1.660939592,0,-1.660521372,1.74908E-07,56,36,56,52,32,24,4,92,0.347826087,0.260869565,0.4,0.518518519,0.481481481
"(((0, 5), (2, 7)), ((1, 4), (3, 6)), ((1, 4), (2, 7)), ((4, 5), (6, 7)))",-1.556518428,-1.593734499,0.001385036,-1.594049502,0.001408581,56,36,56,52,32,24,4,92,0.347826087,0.260869565,0.4,0.518518519,0.481481481
"(((0, 5), (2, 7)), ((1, 4), (3, 6)), ((1, 4), (2, 7)), ((0, 1), (2, 3)))",-1.490146803,-1.592129438,0.010400458,-1.591250924,0.010222043,56,36,56,52,32,24,4,92,0.347826087,0.260869565,0.4,0.518518519,0.481481481
"(((0, 5), (2, 7)), ((1, 4), (3, 6)), ((1, 4), (2, 7)), ((1, 5), (2, 6)))",-1.428619521,-1.693362696,0.070088949,-1.646206484,0.047344086,56,36,56,52,32,24,4,92,0.347826087,0.260869565,0.4,0.518518519,0.481481481
"(((0, 5), (2, 7)), ((1, 4), (3, 6)), ((1, 4), (2, 7)), ((0, 5), (3, 6)))",-1.389885211,-1.542042627,0.023151879,-1.62043767,0.053154437,56,36,56,52,32,24,4,92,0.347826087,0.260869565,0.4,0.518518519,0.481481481
"(((0, 5), (2, 7)), ((1, 4), (3, 6)), ((0, 4), (3, 7)), ((4, 5), (6, 7)))",-1.573781203,-1.665062195,0.00833222,-1.664521303,0.008233766,56,36,56,52,32,24,4,92,0.347826087,0.260869565,0.4,0.518518519,0.481481481
"(((0, 5), (2, 7)), ((1, 4), (3, 6)), ((0, 4), (3, 7)), ((0, 1), (2, 3)))",-1.549226225,-1.665062191,0.013417971,-1.663918162,0.01315424,56,36,56,52,32,24,4,92,0.347826087,0.260869565,0.4,0.518518519,0.481481481
"(((0, 5), (2, 7)), ((1, 4), (3, 6)), ((0, 4), (3, 7)), ((1, 5), (2, 6)))",-1.626703751,-1.848365297,0.049133841,-1.808680309,0.033115467,56,36,56,52,32,24,4,92,0.347826087,0.260869565,0.4,0.518518519,0.481481481
"(((0, 5), (2, 7)), ((1, 4), (3, 6)), ((0, 4), (3, 7)), ((0, 5), (3, 6)))",-1.458612445,-1.660939589,0.040936273,-1.697076822,0.056865259,56,36,56,52,32,24,4,92,0.347826087,0.260869565,0.4,0.518518519,0.481481481
"(((0, 5), (2, 7)), ((1, 4), (3, 6)), ((4, 5), (6, 7)), ((0, 1), (2, 3)))",-1.477697721,-1.635313493,0.024842732,-1.613287357,0.018384549,56,36,56,52,32,24,4,92,0.347826087,0.260869565,0.4,0.518518519,0.481481481
"(((0, 5), (2, 7)), ((1, 4), (3, 6)), ((4, 5), (6, 7)), ((1, 5), (2, 6)))",-1.40312558,-1.695083922,0.085239673,-1.649526957,0.060713639,56,36,56,52,32,24,4,92,0.347826087,0.260869565,0.4,0.518518519,0.481481481
"(((0, 5), (2, 7)), ((1, 4), (3, 6)), ((4, 5), (6, 7)), ((0, 5), (3, 6)))",-1.430442897,-1.592129432,0.026142536,-1.668669737,0.056752028,56,36,56,52,32,24,4,92,0.347826087,0.260869565,0.4,0.518518519,0.481481481
"(((0, 5), (2, 7)), ((1, 4), (3, 6)), ((0, 1), (2, 3)), ((1, 5), (2, 6)))",-1.425580731,-1.695083923,0.07263197,-1.642273982,0.046955965,56,36,56,52,32,24,4,92,0.347826087,0.260869565,0.4,0.518518519,0.481481481
"(((0, 5), (2, 7)), ((1, 4), (3, 6)), ((0, 1), (2, 3)), ((0, 5), (3, 6)))",-1.362712294,-1.593734499,0.053371259,-1.647106182,0.080879883,56,36,56,52,32,24,4,92,0.347826087,0.260869565,0.4,0.518518519,0.481481481
"(((0, 5), (2, 7)), ((1, 4), (3, 6)), ((1, 5), (2, 6)), ((0, 5), (3, 6)))",-1.375527793,-1.693362699,0.101019027,-1.673909745,0.089031789,56,36,56,52,32,24,4,92,0.347826087,0.260869565,0.4,0.518518519,0.481481481
"(((0, 5), (2, 7)), ((1, 5), (3, 7)), ((0, 4), (2, 6)), ((1, 4), (2, 7)))",-1.669830268,-1.669830268,0,-1.669420905,1.67578E-07,56,36,56,52,32,24,4,92,0.347826087,0.260869565,0.4,0.518518519,0.481481481
"(((0, 5), (2, 7)), ((1, 5), (3, 7)), ((0, 4), (2, 6)), ((0, 4), (3, 7)))",-1.628444457,-1.628444457,0,-1.628043591,1.60693E-07,56,36,56,52,32,24,4,92,0.347826087,0.260869565,0.4,0.518518519,0.481481481
"(((0, 5), (2, 7)), ((1, 5), (3, 7)), ((0, 4), (2, 6)), ((4, 5), (6, 7)))",-1.609462329,-1.654179744,0.001999647,-1.651063837,0.001730685,56,36,56,52,32,24,4,92,0.347826087,0.260869565,0.4,0.518518519,0.481481481
"(((0, 5), (2, 7)), ((1, 5), (3, 7)), ((0, 4), (2, 6)), ((0, 1), (2, 3)))",-1.528786294,-1.655140739,0.015965446,-1.650650799,0.014850958,56,36,56,52,32,24,4,92,0.347826087,0.260869565,0.4,0.518518519,0.481481481
"(((0, 5), (2, 7)), ((1, 5), (3, 7)), ((0, 4), (2, 6)), ((1, 5), (2, 6)))",-1.464658213,-1.632490279,0.028167602,-1.656226038,0.036698231,56,36,56,52,32,24,4,92,0.347826087,0.260869565,0.4,0.518518519,0.481481481
"(((0, 5), (2, 7)), ((1, 5), (3, 7)), ((0, 4), (2, 6)), ((0, 5), (3, 6)))",-1.493136283,-1.668470586,0.030742118,-1.650335142,0.024711481,56,36,56,52,32,24,4,92,0.347826087,0.260869565,0.4,0.518518519,0.481481481
"(((0, 5), (2, 7)), ((1, 5), (3, 7)), ((1, 4), (2, 7)), ((0, 4), (3, 7)))",-1.612137538,-1.612137538,0,-1.611712128,1.80974E-07,56,36,56,52,32,24,4,92,0.347826087,0.260869565,0.4,0.518518519,0.481481481
"(((0, 5), (2, 7)), ((1, 5), (3, 7)), ((1, 4), (2, 7)), ((4, 5), (6, 7)))",-1.539695495,-1.588612013,0.002392826,-1.587701141,0.002304542,56,36,56,52,32,24,4,92,0.347826087,0.260869565,0.4,0.518518519,0.481481481
"(((0, 5), (2, 7)), ((1, 5), (3, 7)), ((1, 4), (2, 7)), ((0, 1), (2, 3)))",-1.483411573,-1.590231893,0.011410581,-1.587870413,0.010911649,56,36,56,52,32,24,4,92,0.347826087,0.260869565,0.4,0.518518519,0.481481481
"(((0, 5), (2, 7)), ((1, 5), (3, 7)), ((1, 4), (2, 7)), ((1, 5), (2, 6)))",-1.469766184,-1.635467499,0.027456926,-1.612501893,0.020373483,56,36,56,52,32,24,4,92,0.347826087,0.260869565,0.4,0.518518519,0.481481481
"(((0, 5), (2, 7)), ((1, 5), (3, 7)), ((1, 4), (2, 7)), ((0, 5), (3, 6)))",-1.366001841,-1.71149886,0.11936819,-1.717995571,0.123899586,56,36,56,52,32,24,4,92,0.347826087,0.260869565,0.4,0.518518519,0.481481481
"(((0, 5), (2, 7)), ((1, 5), (3, 7)), ((0, 4), (3, 7)), ((4, 5), (6, 7)))",-1.558406541,-1.600440613,0.001766863,-1.599146019,0.001659705,56,36,56,52,32,24,4,92,0.347826087,0.260869565,0.4,0.518518519,0.481481481
"(((0, 5), (2, 7)), ((1, 5), (3, 7)), ((0, 4), (3, 7)), ((0, 1), (2, 3)))",-1.497890091,-1.60103048,0.01063794,-1.597672471,0.009956523,56,36,56,52,32,24,4,92,0.347826087,0.260869565,0.4,0.518518519,0.481481481
"(((0, 5), (2, 7)), ((1, 5), (3, 7)), ((0, 4), (3, 7)), ((1, 5), (2, 6)))",-1.573089554,-1.752924595,0.032340642,-1.737643235,0.027077914,56,36,56,52,32,24,4,92,0.347826087,0.260869565,0.4,0.518518519,0.481481481
"(((0, 5), (2, 7)), ((1, 5), (3, 7)), ((0, 4), (3, 7)), ((0, 5), (3, 6)))",-1.441388966,-1.610814439,0.028704991,-1.613264571,0.029541224,56,36,56,52,32,24,4,92,0.347826087,0.260869565,0.4,0.518518519,0.481481481
"(((0, 5), (2, 7)), ((1, 5), (3, 7)), ((4, 5), (6, 7)), ((0, 1), (2, 3)))",-1.484812504,-1.657087826,0.029678787,-1.628214746,0.020564203,56,36,56,52,32,24,4,92,0.347826087,0.260869565,0.4,0.518518519,0.481481481
"(((0, 5), (2, 7)), ((1, 5), (3, 7)), ((4, 5), (6, 7)), ((1, 5), (2, 6)))",-1.447720929,-1.627522028,0.032328435,-1.60516554,0.024788806,56,36,56,52,32,24,4,92,0.347826087,0.260869565,0.4,0.518518519,0.481481481
"(((0, 5), (2, 7)), ((1, 5), (3, 7)), ((4, 5), (6, 7)), ((0, 5), (3, 6)))",-1.442439127,-1.588785022,0.021417121,-1.60597612,0.026744348,56,36,56,52,32,24,4,92,0.347826087,0.260869565,0.4,0.518518519,0.481481481
"(((0, 5), (2, 7)), ((1, 5), (3, 7)), ((0, 1), (2, 3)), ((1, 5), (2, 6)))",-1.402286209,-1.627494834,0.050718925,-1.603247109,0.040385283,56,36,56,52,32,24,4,92,0.347826087,0.260869565,0.4,0.518518519,0.481481481
"(((0, 5), (2, 7)), ((1, 5), (3, 7)), ((0, 1), (2, 3)), ((0, 5), (3, 6)))",-1.385898287,-1.587691169,0.040720367,-1.601529266,0.046496719,56,36,56,52,32,24,4,92,0.347826087,0.260869565,0.4,0.518518519,0.481481481
"(((0, 5), (2, 7)), ((1, 5), (3, 7)), ((1, 5), (2, 6)), ((0, 5), (3, 6)))",-1.368000163,-1.634408395,0.070973346,-1.640791267,0.074414986,56,36,56,52,32,24,4,92,0.347826087,0.260869565,0.4,0.518518519,0.481481481
"(((0, 5), (2, 7)), ((0, 4), (2, 6)), ((1, 4), (2, 7)), ((0, 4), (3, 7)))",-1.61021219,-1.61021219,0,-1.609789327,1.78813E-07,56,36,56,52,32,24,4,92,0.347826087,0.260869565,0.4,0.518518519,0.481481481
"(((0, 5), (2, 7)), ((0, 4), (2, 6)), ((1, 4), (2, 7)), ((4, 5), (6, 7)))",-1.529189332,-1.588329839,0.0034976,-1.58719561,0.003364728,56,36,56,52,32,24,4,92,0.347826087,0.260869565,0.4,0.518518519,0.481481481
"(((0, 5), (2, 7)), ((0, 4), (2, 6)), ((1, 4), (2, 7)), ((0, 1), (2, 3)))",-1.492923347,-1.589985657,0.009421092,-1.58842483,0.009120533,56,36,56,52,32,24,4,92,0.347826087,0.260869565,0.4,0.518518519,0.481481481
"(((0, 5), (2, 7)), ((0, 4), (2, 6)), ((1, 4), (2, 7)), ((1, 5), (2, 6)))",-1.47060006,-1.635971009,0.027347551,-1.658096484,0.035154909,56,36,56,52,32,24,4,92,0.347826087,0.260869565,0.4,0.518518519,0.481481481
"(((0, 5), (2, 7)), ((0, 4), (2, 6)), ((1, 4), (2, 7)), ((0, 5), (3, 6)))",-1.366317995,-1.713106194,0.120262055,-1.711420817,0.119095958,56,36,56,52,32,24,4,92,0.347826087,0.260869565,0.4,0.518518519,0.481481481
"(((0, 5), (2, 7)), ((0, 4), (2, 6)), ((0, 4), (3, 7)), ((4, 5), (6, 7)))",-1.551747041,-1.598834003,0.002217182,-1.596746205,0.002024925,56,36,56,52,32,24,4,92,0.347826087,0.260869565,0.4,0.518518519,0.481481481
"(((0, 5), (2, 7)), ((0, 4), (2, 6)), ((0, 4), (3, 7)), ((0, 1), (2, 3)))",-1.501153884,-1.599427988,0.0096578,-1.595174262,0.008839831,56,36,56,52,32,24,4,92,0.347826087,0.260869565,0.4,0.518518519,0.481481481
"(((0, 5), (2, 7)), ((0, 4), (2, 6)), ((0, 4), (3, 7)), ((1, 5), (2, 6)))",-1.572141207,-1.752928574,0.032684072,-1.732427996,0.025691855,56,36,56,52,32,24,4,92,0.347826087,0.260869565,0.4,0.518518519,0.481481481
"(((0, 5), (2, 7)), ((0, 4), (2, 6)), ((0, 4), (3, 7)), ((0, 5), (3, 6)))",-1.444796483,-1.608880446,0.026923547,-1.61262552,0.028166586,56,36,56,52,32,24,4,92,0.347826087,0.260869565,0.4,0.518518519,0.481481481
"(((0, 5), (2, 7)), ((0, 4), (2, 6)), ((4, 5), (6, 7)), ((0, 1), (2, 3)))",-1.49036901,-1.658368127,0.028223703,-1.616943236,0.016021035,56,36,56,52,32,24,4,92,0.347826087,0.260869565,0.4,0.518518519,0.481481481
"(((0, 5), (2, 7)), ((0, 4), (2, 6)), ((4, 5), (6, 7)), ((1, 5), (2, 6)))",-1.438419282,-1.627691522,0.035823981,-1.638114267,0.039878087,56,36,56,52,32,24,4,92,0.347826087,0.260869565,0.4,0.518518519,0.481481481
"(((0, 5), (2, 7)), ((0, 4), (2, 6)), ((4, 5), (6, 7)), ((0, 5), (3, 6)))",-1.445219061,-1.588525603,0.020536765,-1.608347781,0.026610979,56,36,56,52,32,24,4,92,0.347826087,0.260869565,0.4,0.518518519,0.481481481
"(((0, 5), (2, 7)), ((0, 4), (2, 6)), ((0, 1), (2, 3)), ((1, 5), (2, 6)))",-1.401153816,-1.627680764,0.051314458,-1.61145632,0.044227143,56,36,56,52,32,24,4,92,0.347826087,0.260869565,0.4,0.518518519,0.481481481
"(((0, 5), (2, 7)), ((0, 4), (2, 6)), ((0, 1), (2, 3)), ((0, 5), (3, 6)))",-1.38793427,-1.587417291,0.039793476,-1.585658885,0.039095023,56,36,56,52,32,24,4,92,0.347826087,0.260869565,0.4,0.518518519,0.481481481
"(((0, 5), (2, 7)), ((0, 4), (2, 6)), ((1, 5), (2, 6)), ((0, 5), (3, 6)))",-1.366386092,-1.634902986,0.072101322,-1.659068914,0.085663234,56,36,56,52,32,24,4,92,0.347826087,0.260869565,0.4,0.518518519,0.481481481
"(((0, 5), (2, 7)), ((1, 4), (2, 7)), ((0, 4), (3, 7)), ((4, 5), (6, 7)))",-1.528587549,-1.597681844,0.004774022,-1.592866527,0.004131787,56,36,56,52,32,24,4,92,0.347826087,0.260869565,0.4,0.518518519,0.481481481
"(((0, 5), (2, 7)), ((1, 4), (2, 7)), ((0, 4), (3, 7)), ((0, 1), (2, 3)))",-1.499620265,-1.595670656,0.009225678,-1.59445254,0.00899316,56,36,56,52,32,24,4,92,0.347826087,0.260869565,0.4,0.518518519,0.481481481
"(((0, 5), (2, 7)), ((1, 4), (2, 7)), ((0, 4), (3, 7)), ((1, 5), (2, 6)))",-1.571392977,-1.761246169,0.036044235,-1.738212929,0.027828896,56,36,56,52,32,24,4,92,0.347826087,0.260869565,0.4,0.518518519,0.481481481
"(((0, 5), (2, 7)), ((1, 4), (2, 7)), ((0, 4), (3, 7)), ((0, 5), (3, 6)))",-1.457799747,-1.626265966,0.028380867,-1.629692259,0.029547036,56,36,56,52,32,24,4,92,0.347826087,0.260869565,0.4,0.518518519,0.481481481
"(((0, 5), (2, 7)), ((1, 4), (2, 7)), ((4, 5), (6, 7)), ((0, 1), (2, 3)))",-1.460792523,-1.584463264,0.015294452,-1.568447017,0.01158949,56,36,56,52,32,24,4,92,0.347826087,0.260869565,0.4,0.518518519,0.481481481
"(((0, 5), (2, 7)), ((1, 4), (2, 7)), ((4, 5), (6, 7)), ((1, 5), (2, 6)))",-1.482738464,-1.636698924,0.023703823,-1.577088911,0.008902007,56,36,56,52,32,24,4,92,0.347826087,0.260869565,0.4,0.518518519,0.481481481
"(((0, 5), (2, 7)), ((1, 4), (2, 7)), ((4, 5), (6, 7)), ((0, 5), (3, 6)))",-1.444278723,-1.629108938,0.034162208,-1.595418435,0.022843213,56,36,56,52,32,24,4,92,0.347826087,0.260869565,0.4,0.518518519,0.481481481
"(((0, 5), (2, 7)), ((1, 4), (2, 7)), ((0, 1), (2, 3)), ((1, 5), (2, 6)))",-1.460554456,-1.635059627,0.030452055,-1.642691146,0.033173774,56,36,56,52,32,24,4,92,0.347826087,0.260869565,0.4,0.518518519,0.481481481
"(((0, 5), (2, 7)), ((1, 4), (2, 7)), ((0, 1), (2, 3)), ((0, 5), (3, 6)))",-1.3923957,-1.629944336,0.056429354,-1.610702618,0.047657911,56,36,56,52,32,24,4,92,0.347826087,0.260869565,0.4,0.518518519,0.481481481
"(((0, 5), (2, 7)), ((1, 4), (2, 7)), ((1, 5), (2, 6)), ((0, 5), (3, 6)))",-1.387103573,-1.656782272,0.072726601,-1.666402859,0.078008091,56,36,56,52,32,24,4,92,0.347826087,0.260869565,0.4,0.518518519,0.481481481
"(((0, 5), (2, 7)), ((0, 4), (3, 7)), ((4, 5), (6, 7)), ((0, 1), (2, 3)))",-1.458991901,-1.589760108,0.017100324,-1.590094775,0.017187964,56,36,56,52,32,24,4,92,0.347826087,0.260869565,0.4,0.518518519,0.481481481
"(((0, 5), (2, 7)), ((0, 4), (3, 7)), ((4, 5), (6, 7)), ((1, 5), (2, 6)))",-1.513116138,-1.758310875,0.060120459,-1.720910762,0.043178606,56,36,56,52,32,24,4,92,0.347826087,0.260869565,0.4,0.518518519,0.481481481
"(((0, 5), (2, 7)), ((0, 4), (3, 7)), ((4, 5), (6, 7)), ((0, 5), (3, 6)))",-1.421812531,-1.59495977,0.029979966,-1.617459681,0.038277807,56,36,56,52,32,24,4,92,0.347826087,0.260869565,0.4,0.518518519,0.481481481
"(((0, 5), (2, 7)), ((0, 4), (3, 7)), ((0, 1), (2, 3)), ((1, 5), (2, 6)))",-1.473361542,-1.757950643,0.080990956,-1.704452279,0.053402929,56,36,56,52,32,24,4,92,0.347826087,0.260869565,0.4,0.518518519,0.481481481
"(((0, 5), (2, 7)), ((0, 4), (3, 7)), ((0, 1), (2, 3)), ((0, 5), (3, 6)))",-1.375795421,-1.596080277,0.048525418,-1.609845899,0.054779626,56,36,56,52,32,24,4,92,0.347826087,0.260869565,0.4,0.518518519,0.481481481
"(((0, 5), (2, 7)), ((0, 4), (3, 7)), ((1, 5), (2, 6)), ((0, 5), (3, 6)))",-1.445458511,-1.753608846,0.094956629,-1.736950043,0.084967313,56,36,56,52,32,24,4,92,0.347826087,0.260869565,0.4,0.518518519,0.481481481
"(((0, 5), (2, 7)), ((4, 5), (6, 7)), ((0, 1), (2, 3)), ((1, 5), (2, 6)))",-1.365399613,-1.627743221,0.068824169,-1.560117568,0.037915082,56,36,56,52,32,24,4,92,0.347826087,0.260869565,0.4,0.518518519,0.481481481
"(((0, 5), (2, 7)), ((4, 5), (6, 7)), ((0, 1), (2, 3)), ((0, 5), (3, 6)))",-1.308043891,-1.564111557,0.06557065,-1.541946693,0.054710521,56,36,56,52,32,24,4,92,0.347826087,0.260869565,0.4,0.518518519,0.481481481
"(((0, 5), (2, 7)), ((4, 5), (6, 7)), ((1, 5), (2, 6)), ((0, 5), (3, 6)))",-1.376591282,-1.634481563,0.066507397,-1.595199701,0.047789641,56,36,56,52,32,24,4,92,0.347826087,0.260869565,0.4,0.518518519,0.481481481
"(((0, 5), (2, 7)), ((0, 1), (2, 3)), ((1, 5), (2, 6)), ((0, 5), (3, 6)))",-1.341065392,-1.635236784,0.086536808,-1.609880128,0.072261362,56,36,56,52,32,24,4,92,0.347826087,0.260869565,0.4,0.518518519,0.481481481
"(((1, 4), (3, 6)), ((1, 5), (3, 7)), ((0, 4), (2, 6)), ((1, 4), (2, 7)))",-1.668470587,-1.668470587,0,-1.668059921,1.68646E-07,56,36,56,52,32,24,4,92,0.347826087,0.260869565,0.4,0.518518519,0.481481481
"(((1, 4), (3, 6)), ((1, 5), (3, 7)), ((0, 4), (2, 6)), ((0, 4), (3, 7)))",-1.628444456,-1.628444456,0,-1.628043588,1.60695E-07,56,36,56,52,32,24,4,92,0.347826087,0.260869565,0.4,0.518518519,0.481481481
"(((1, 4), (3, 6)), ((1, 5), (3, 7)), ((0, 4), (2, 6)), ((4, 5), (6, 7)))",-1.605736697,-1.655140741,0.00244076,-1.651385727,0.002083834,56,36,56,52,32,24,4,92,0.347826087,0.260869565,0.4,0.518518519,0.481481481
"(((1, 4), (3, 6)), ((1, 5), (3, 7)), ((0, 4), (2, 6)), ((0, 1), (2, 3)))",-1.52696391,-1.654179744,0.016183868,-1.649496419,0.015014216,56,36,56,52,32,24,4,92,0.347826087,0.260869565,0.4,0.518518519,0.481481481
"(((1, 4), (3, 6)), ((1, 5), (3, 7)), ((0, 4), (2, 6)), ((1, 5), (2, 6)))",-1.459007665,-1.632490259,0.03009621,-1.657973421,0.039587372,56,36,56,52,32,24,4,92,0.347826087,0.260869565,0.4,0.518518519,0.481481481
"(((1, 4), (3, 6)), ((1, 5), (3, 7)), ((0, 4), (2, 6)), ((0, 5), (3, 6)))",-1.475777344,-1.669830268,0.037656537,-1.67209362,0.03854008,56,36,56,52,32,24,4,92,0.347826087,0.260869565,0.4,0.518518519,0.481481481
"(((1, 4), (3, 6)), ((1, 5), (3, 7)), ((1, 4), (2, 7)), ((0, 4), (3, 7)))",-1.610814434,-1.610814434,0,-1.610389366,1.80683E-07,56,36,56,52,32,24,4,92,0.347826087,0.260869565,0.4,0.518518519,0.481481481
"(((1, 4), (3, 6)), ((1, 5), (3, 7)), ((1, 4), (2, 7)), ((4, 5), (6, 7)))",-1.542194355,-1.587691068,0.002069951,-1.585916204,0.0019116,56,36,56,52,32,24,4,92,0.347826087,0.260869565,0.4,0.518518519,0.481481481
"(((1, 4), (3, 6)), ((1, 5), (3, 7)), ((1, 4), (2, 7)), ((0, 1), (2, 3)))",-1.485009687,-1.588784967,0.010769309,-1.586807653,0.010362826,56,36,56,52,32,24,4,92,0.347826087,0.260869565,0.4,0.518518519,0.481481481
"(((1, 4), (3, 6)), ((1, 5), (3, 7)), ((1, 4), (2, 7)), ((1, 5), (2, 6)))",-1.46951266,-1.634408398,0.027190604,-1.612811702,0.020534616,56,36,56,52,32,24,4,92,0.347826087,0.260869565,0.4,0.518518519,0.481481481
"(((1, 4), (3, 6)), ((1, 5), (3, 7)), ((1, 4), (2, 7)), ((0, 5), (3, 6)))",-1.494932808,-1.711498859,0.046900854,-1.727007459,0.053858644,56,36,56,52,32,24,4,92,0.347826087,0.260869565,0.4,0.518518519,0.481481481
"(((1, 4), (3, 6)), ((1, 5), (3, 7)), ((0, 4), (3, 7)), ((4, 5), (6, 7)))",-1.559817303,-1.601030481,0.001698526,-1.599641056,0.001585931,56,36,56,52,32,24,4,92,0.347826087,0.260869565,0.4,0.518518519,0.481481481
"(((1, 4), (3, 6)), ((1, 5), (3, 7)), ((0, 4), (3, 7)), ((0, 1), (2, 3)))",-1.505051266,-1.600440613,0.009099128,-1.598910292,0.008809517,56,36,56,52,32,24,4,92,0.347826087,0.260869565,0.4,0.518518519,0.481481481
"(((1, 4), (3, 6)), ((1, 5), (3, 7)), ((0, 4), (3, 7)), ((1, 5), (2, 6)))",-1.563992235,-1.752924599,0.035695438,-1.728642683,0.02710977,56,36,56,52,32,24,4,92,0.347826087,0.260869565,0.4,0.518518519,0.481481481
"(((1, 4), (3, 6)), ((1, 5), (3, 7)), ((0, 4), (3, 7)), ((0, 5), (3, 6)))",-1.407744782,-1.61213754,0.0417764,-1.643199439,0.055438896,56,36,56,52,32,24,4,92,0.347826087,0.260869565,0.4,0.518518519,0.481481481
"(((1, 4), (3, 6)), ((1, 5), (3, 7)), ((4, 5), (6, 7)), ((0, 1), (2, 3)))",-1.492988372,-1.657087827,0.026928631,-1.635001498,0.020167728,56,36,56,52,32,24,4,92,0.347826087,0.260869565,0.4,0.518518519,0.481481481
"(((1, 4), (3, 6)), ((1, 5), (3, 7)), ((4, 5), (6, 7)), ((1, 5), (2, 6)))",-1.454262661,-1.627494833,0.030009385,-1.611980188,0.024874818,56,36,56,52,32,24,4,92,0.347826087,0.260869565,0.4,0.518518519,0.481481481
"(((1, 4), (3, 6)), ((1, 5), (3, 7)), ((4, 5), (6, 7)), ((0, 5), (3, 6)))",-1.397746183,-1.590231853,0.037050733,-1.634858316,0.056222164,56,36,56,52,32,24,4,92,0.347826087,0.260869565,0.4,0.518518519,0.481481481
"(((1, 4), (3, 6)), ((1, 5), (3, 7)), ((0, 1), (2, 3)), ((1, 5), (2, 6)))",-1.416294748,-1.62752202,0.04461696,-1.609700868,0.037405927,56,36,56,52,32,24,4,92,0.347826087,0.260869565,0.4,0.518518519,0.481481481
"(((1, 4), (3, 6)), ((1, 5), (3, 7)), ((0, 1), (2, 3)), ((0, 5), (3, 6)))",-1.376951964,-1.588612111,0.044800018,-1.613476064,0.05594365,56,36,56,52,32,24,4,92,0.347826087,0.260869565,0.4,0.518518519,0.481481481
"(((1, 4), (3, 6)), ((1, 5), (3, 7)), ((1, 5), (2, 6)), ((0, 5), (3, 6)))",-1.32128961,-1.635467509,0.098707752,-1.645523025,0.105127307,56,36,56,52,32,24,4,92,0.347826087,0.260869565,0.4,0.518518519,0.481481481
"(((1, 4), (3, 6)), ((0, 4), (2, 6)), ((1, 4), (2, 7)), ((0, 4), (3, 7)))",-1.60888042,-1.60888042,0,-1.608454018,1.81819E-07,56,36,56,52,32,24,4,92,0.347826087,0.260869565,0.4,0.518518519,0.481481481
"(((1, 4), (3, 6)), ((0, 4), (2, 6)), ((1, 4), (2, 7)), ((4, 5), (6, 7)))",-1.543182818,-1.587417276,0.001956687,-1.586018626,0.001834906,56,36,56,52,32,24,4,92,0.347826087,0.260869565,0.4,0.518518519,0.481481481
"(((1, 4), (3, 6)), ((0, 4), (2, 6)), ((1, 4), (2, 7)), ((0, 1), (2, 3)))",-1.490631032,-1.588525628,0.009583352,-1.586740182,0.009236969,56,36,56,52,32,24,4,92,0.347826087,0.260869565,0.4,0.518518519,0.481481481
"(((1, 4), (3, 6)), ((0, 4), (2, 6)), ((1, 4), (2, 7)), ((1, 5), (2, 6)))",-1.472875246,-1.634902979,0.026252986,-1.666093978,0.037333479,56,36,56,52,32,24,4,92,0.347826087,0.260869565,0.4,0.518518519,0.481481481
"(((1, 4), (3, 6)), ((0, 4), (2, 6)), ((1, 4), (2, 7)), ((0, 5), (3, 6)))",-1.489233993,-1.713106195,0.050118763,-1.720595334,0.05352807,56,36,56,52,32,24,4,92,0.347826087,0.260869565,0.4,0.518518519,0.481481481
"(((1, 4), (3, 6)), ((0, 4), (2, 6)), ((0, 4), (3, 7)), ((4, 5), (6, 7)))",-1.552095942,-1.599427988,0.002240323,-1.596882886,0.00200587,56,36,56,52,32,24,4,92,0.347826087,0.260869565,0.4,0.518518519,0.481481481
"(((1, 4), (3, 6)), ((0, 4), (2, 6)), ((0, 4), (3, 7)), ((0, 1), (2, 3)))",-1.50341999,-1.598834019,0.009103837,-1.59669633,0.008700476,56,36,56,52,32,24,4,92,0.347826087,0.260869565,0.4,0.518518519,0.481481481
"(((1, 4), (3, 6)), ((0, 4), (2, 6)), ((0, 4), (3, 7)), ((1, 5), (2, 6)))",-1.565182241,-1.75292858,0.035248688,-1.731866213,0.027783547,56,36,56,52,32,24,4,92,0.347826087,0.260869565,0.4,0.518518519,0.481481481
"(((1, 4), (3, 6)), ((0, 4), (2, 6)), ((0, 4), (3, 7)), ((0, 5), (3, 6)))",-1.423825197,-1.610212187,0.03474011,-1.658495724,0.055070256,56,36,56,52,32,24,4,92,0.347826087,0.260869565,0.4,0.518518519,0.481481481
"(((1, 4), (3, 6)), ((0, 4), (2, 6)), ((4, 5), (6, 7)), ((0, 1), (2, 3)))",-1.480232208,-1.658368126,0.031732405,-1.626199865,0.021306557,56,36,56,52,32,24,4,92,0.347826087,0.260869565,0.4,0.518518519,0.481481481
"(((1, 4), (3, 6)), ((0, 4), (2, 6)), ((4, 5), (6, 7)), ((1, 5), (2, 6)))",-1.441198073,-1.627680755,0.034775791,-1.633136528,0.036840371,56,36,56,52,32,24,4,92,0.347826087,0.260869565,0.4,0.518518519,0.481481481
"(((1, 4), (3, 6)), ((0, 4), (2, 6)), ((4, 5), (6, 7)), ((0, 5), (3, 6)))",-1.41212768,-1.589985661,0.031633461,-1.633393981,0.048958776,56,36,56,52,32,24,4,92,0.347826087,0.260869565,0.4,0.518518519,0.481481481
"(((1, 4), (3, 6)), ((0, 4), (2, 6)), ((0, 1), (2, 3)), ((1, 5), (2, 6)))",-1.388901244,-1.627691528,0.0570208,-1.629132494,0.057711053,56,36,56,52,32,24,4,92,0.347826087,0.260869565,0.4,0.518518519,0.481481481
"(((1, 4), (3, 6)), ((0, 4), (2, 6)), ((0, 1), (2, 3)), ((0, 5), (3, 6)))",-1.365161887,-1.588329867,0.049803947,-1.609731396,0.059814245,56,36,56,52,32,24,4,92,0.347826087,0.260869565,0.4,0.518518519,0.481481481
"(((1, 4), (3, 6)), ((0, 4), (2, 6)), ((1, 5), (2, 6)), ((0, 5), (3, 6)))",-1.318433129,-1.635971018,0.100830311,-1.669822133,0.123474232,56,36,56,52,32,24,4,92,0.347826087,0.260869565,0.4,0.518518519,0.481481481
"(((1, 4), (3, 6)), ((1, 4), (2, 7)), ((0, 4), (3, 7)), ((4, 5), (6, 7)))",-1.548728638,-1.596080235,0.002242174,-1.59250947,0.001916761,56,36,56,52,32,24,4,92,0.347826087,0.260869565,0.4,0.518518519,0.481481481
"(((1, 4), (3, 6)), ((1, 4), (2, 7)), ((0, 4), (3, 7)), ((0, 1), (2, 3)))",-1.500124308,-1.594959791,0.008993769,-1.593158001,0.008655268,56,36,56,52,32,24,4,92,0.347826087,0.260869565,0.4,0.518518519,0.481481481
"(((1, 4), (3, 6)), ((1, 4), (2, 7)), ((0, 4), (3, 7)), ((1, 5), (2, 6)))",-1.566156256,-1.7603581,0.037714356,-1.735922094,0.02882044,56,36,56,52,32,24,4,92,0.347826087,0.260869565,0.4,0.518518519,0.481481481
"(((1, 4), (3, 6)), ((1, 4), (2, 7)), ((0, 4), (3, 7)), ((0, 5), (3, 6)))",-1.403718066,-1.626265964,0.049527567,-1.636733849,0.054296355,56,36,56,52,32,24,4,92,0.347826087,0.260869565,0.4,0.518518519,0.481481481
"(((1, 4), (3, 6)), ((1, 4), (2, 7)), ((4, 5), (6, 7)), ((0, 1), (2, 3)))",-1.461178792,-1.588068209,0.016100924,-1.586010406,0.015582932,56,36,56,52,32,24,4,92,0.347826087,0.260869565,0.4,0.518518519,0.481481481
"(((1, 4), (3, 6)), ((1, 4), (2, 7)), ((4, 5), (6, 7)), ((1, 5), (2, 6)))",-1.507435866,-1.635236792,0.016333077,-1.585327492,0.006067105,56,36,56,52,32,24,4,92,0.347826087,0.260869565,0.4,0.518518519,0.481481481
"(((1, 4), (3, 6)), ((1, 4), (2, 7)), ((4, 5), (6, 7)), ((0, 5), (3, 6)))",-1.387164255,-1.629944337,0.058942168,-1.620016583,0.054220207,56,36,56,52,32,24,4,92,0.347826087,0.260869565,0.4,0.518518519,0.481481481
"(((1, 4), (3, 6)), ((1, 4), (2, 7)), ((0, 1), (2, 3)), ((1, 5), (2, 6)))",-1.46776662,-1.634481543,0.027793866,-1.585974244,0.013973042,56,36,56,52,32,24,4,92,0.347826087,0.260869565,0.4,0.518518519,0.481481481
"(((1, 4), (3, 6)), ((1, 4), (2, 7)), ((0, 1), (2, 3)), ((0, 5), (3, 6)))",-1.361217771,-1.62910894,0.071765678,-1.568016942,0.042765897,56,36,56,52,32,24,4,92,0.347826087,0.260869565,0.4,0.518518519,0.481481481
"(((1, 4), (3, 6)), ((1, 4), (2, 7)), ((1, 5), (2, 6)), ((0, 5), (3, 6)))",-1.337203011,-1.656782273,0.102130905,-1.656725342,0.10209452,56,36,56,52,32,24,4,92,0.347826087,0.260869565,0.4,0.518518519,0.481481481
"(((1, 4), (3, 6)), ((0, 4), (3, 7)), ((4, 5), (6, 7)), ((0, 1), (2, 3)))",-1.462226855,-1.589874236,0.016293854,-1.591534673,0.016720512,56,36,56,52,32,24,4,92,0.347826087,0.260869565,0.4,0.518518519,0.481481481
"(((1, 4), (3, 6)), ((0, 4), (3, 7)), ((4, 5), (6, 7)), ((1, 5), (2, 6)))",-1.520868334,-1.757950624,0.056208012,-1.715213156,0.03776991,56,36,56,52,32,24,4,92,0.347826087,0.260869565,0.4,0.518518519,0.481481481
"(((1, 4), (3, 6)), ((0, 4), (3, 7)), ((4, 5), (6, 7)), ((0, 5), (3, 6)))",-1.368259386,-1.595670651,0.051715883,-1.621371203,0.064065592,56,36,56,52,32,24,4,92,0.347826087,0.260869565,0.4,0.518518519,0.481481481
"(((1, 4), (3, 6)), ((0, 4), (3, 7)), ((0, 1), (2, 3)), ((1, 5), (2, 6)))",-1.474381686,-1.758310871,0.080615782,-1.701795232,0.051716921,56,36,56,52,32,24,4,92,0.347826087,0.260869565,0.4,0.518518519,0.481481481
"(((1, 4), (3, 6)), ((0, 4), (3, 7)), ((0, 1), (2, 3)), ((0, 5), (3, 6)))",-1.337375694,-1.597681822,0.06775928,-1.620973087,0.080427481,56,36,56,52,32,24,4,92,0.347826087,0.260869565,0.4,0.518518519,0.481481481
"(((1, 4), (3, 6)), ((0, 4), (3, 7)), ((1, 5), (2, 6)), ((0, 5), (3, 6)))",-1.393192882,-1.754050793,0.130218432,-1.74413042,0.123157156,56,36,56,52,32,24,4,92,0.347826087,0.260869565,0.4,0.518518519,0.481481481
"(((1, 4), (3, 6)), ((4, 5), (6, 7)), ((0, 1), (2, 3)), ((1, 5), (2, 6)))",-1.359081073,-1.627743219,0.072179349,-1.561289681,0.040888321,56,36,56,52,32,24,4,92,0.347826087,0.260869565,0.4,0.518518519,0.481481481
"(((1, 4), (3, 6)), ((4, 5), (6, 7)), ((0, 1), (2, 3)), ((0, 5), (3, 6)))",-1.314326753,-1.560536632,0.060619305,-1.544442006,0.05295303,56,36,56,52,32,24,4,92,0.347826087,0.260869565,0.4,0.518518519,0.481481481
"(((1, 4), (3, 6)), ((4, 5), (6, 7)), ((1, 5), (2, 6)), ((0, 5), (3, 6)))",-1.329174939,-1.635059628,0.093565443,-1.599064698,0.072840482,56,36,56,52,32,24,4,92,0.347826087,0.260869565,0.4,0.518518519,0.481481481
"(((1, 4), (3, 6)), ((0, 1), (2, 3)), ((1, 5), (2, 6)), ((0, 5), (3, 6)))",-1.344518559,-1.636698911,0.085369358,-1.654007295,0.095783278,56,36,56,52,32,24,4,92,0.347826087,0.260869565,0.4,0.518518519,0.481481481
"(((1, 5), (3, 7)), ((0, 4), (2, 6)), ((1, 4), (2, 7)), ((0, 4), (3, 7)))",-1.651774179,-1.651774179,0,-1.651360957,1.70753E-07,56,36,56,52,32,24,4,92,0.347826087,0.260869565,0.4,0.518518519,0.481481481
"(((1, 5), (3, 7)), ((0, 4), (2, 6)), ((1, 4), (2, 7)), ((4, 5), (6, 7)))",-1.606509474,-1.652683546,0.002132045,-1.652001657,0.002069539,56,36,56,52,32,24,4,92,0.347826087,0.260869565,0.4,0.518518519,0.481481481
"(((1, 5), (3, 7)), ((0, 4), (2, 6)), ((1, 4), (2, 7)), ((0, 1), (2, 3)))",-1.535548877,-1.654058171,0.014044453,-1.652742027,0.013734234,56,36,56,52,32,24,4,92,0.347826087,0.260869565,0.4,0.518518519,0.481481481
"(((1, 5), (3, 7)), ((0, 4), (2, 6)), ((1, 4), (2, 7)), ((1, 5), (2, 6)))",-1.480498253,-1.65292922,0.029732438,-1.681165725,0.040267434,56,36,56,52,32,24,4,92,0.347826087,0.260869565,0.4,0.518518519,0.481481481
"(((1, 5), (3, 7)), ((0, 4), (2, 6)), ((1, 4), (2, 7)), ((0, 5), (3, 6)))",-1.552313911,-1.809620654,0.06620676,-1.79417896,0.058498702,56,36,56,52,32,24,4,92,0.347826087,0.260869565,0.4,0.518518519,0.481481481
"(((1, 5), (3, 7)), ((0, 4), (2, 6)), ((0, 4), (3, 7)), ((4, 5), (6, 7)))",-1.534660589,-1.572195243,0.00140885,-1.572351432,0.0014206,56,36,56,52,32,24,4,92,0.347826087,0.260869565,0.4,0.518518519,0.481481481
"(((1, 5), (3, 7)), ((0, 4), (2, 6)), ((0, 4), (3, 7)), ((0, 1), (2, 3)))",-1.47159825,-1.572195243,0.010119755,-1.57033941,0.009749817,56,36,56,52,32,24,4,92,0.347826087,0.260869565,0.4,0.518518519,0.481481481
"(((1, 5), (3, 7)), ((0, 4), (2, 6)), ((0, 4), (3, 7)), ((1, 5), (2, 6)))",-1.345657101,-1.553380997,0.043149217,-1.566970736,0.048979725,56,36,56,52,32,24,4,92,0.347826087,0.260869565,0.4,0.518518519,0.481481481
"(((1, 5), (3, 7)), ((0, 4), (2, 6)), ((0, 4), (3, 7)), ((0, 5), (3, 6)))",-1.428782896,-1.651774179,0.049725112,-1.623207705,0.037801006,56,36,56,52,32,24,4,92,0.347826087,0.260869565,0.4,0.518518519,0.481481481
"(((1, 5), (3, 7)), ((0, 4), (2, 6)), ((4, 5), (6, 7)), ((0, 1), (2, 3)))",-1.461691726,-1.616378884,0.023928117,-1.595481548,0.017899716,56,36,56,52,32,24,4,92,0.347826087,0.260869565,0.4,0.518518519,0.481481481
"(((1, 5), (3, 7)), ((0, 4), (2, 6)), ((4, 5), (6, 7)), ((1, 5), (2, 6)))",-1.420953175,-1.571242139,0.022586773,-1.622635237,0.040675654,56,36,56,52,32,24,4,92,0.347826087,0.260869565,0.4,0.518518519,0.481481481
"(((1, 5), (3, 7)), ((0, 4), (2, 6)), ((4, 5), (6, 7)), ((0, 5), (3, 6)))",-1.436806683,-1.65405817,0.047198209,-1.62570057,0.035680901,56,36,56,52,32,24,4,92,0.347826087,0.260869565,0.4,0.518518519,0.481481481
"(((1, 5), (3, 7)), ((0, 4), (2, 6)), ((0, 1), (2, 3)), ((1, 5), (2, 6)))",-1.374463085,-1.571242138,0.038721996,-1.576861027,0.040964927,56,36,56,52,32,24,4,92,0.347826087,0.260869565,0.4,0.518518519,0.481481481
"(((1, 5), (3, 7)), ((0, 4), (2, 6)), ((0, 1), (2, 3)), ((0, 5), (3, 6)))",-1.365397589,-1.652683551,0.082533224,-1.624672048,0.067223245,56,36,56,52,32,24,4,92,0.347826087,0.260869565,0.4,0.518518519,0.481481481
"(((1, 5), (3, 7)), ((0, 4), (2, 6)), ((1, 5), (2, 6)), ((0, 5), (3, 6)))",-1.292113955,-1.652929229,0.130187662,-1.614101834,0.103676194,56,36,56,52,32,24,4,92,0.347826087,0.260869565,0.4,0.518518519,0.481481481
"(((1, 5), (3, 7)), ((1, 4), (2, 7)), ((0, 4), (3, 7)), ((4, 5), (6, 7)))",-1.557538375,-1.602237405,0.001998003,-1.601703691,0.001950575,56,36,56,52,32,24,4,92,0.347826087,0.260869565,0.4,0.518518519,0.481481481
"(((1, 5), (3, 7)), ((1, 4), (2, 7)), ((0, 4), (3, 7)), ((0, 1), (2, 3)))",-1.491788763,-1.598322393,0.011349414,-1.593447915,0.010334583,56,36,56,52,32,24,4,92,0.347826087,0.260869565,0.4,0.518518519,0.481481481
"(((1, 5), (3, 7)), ((1, 4), (2, 7)), ((0, 4), (3, 7)), ((1, 5), (2, 6)))",-1.473944694,-1.650682175,0.031236137,-1.636309064,0.026362189,56,36,56,52,32,24,4,92,0.347826087,0.260869565,0.4,0.518518519,0.481481481
"(((1, 5), (3, 7)), ((1, 4), (2, 7)), ((0, 4), (3, 7)), ((0, 5), (3, 6)))",-1.496375031,-1.72461181,0.052092027,-1.728866586,0.054052323,56,36,56,52,32,24,4,92,0.347826087,0.260869565,0.4,0.518518519,0.481481481
"(((1, 5), (3, 7)), ((1, 4), (2, 7)), ((4, 5), (6, 7)), ((0, 1), (2, 3)))",-1.45489062,-1.600829801,0.021298245,-1.58477728,0.016870544,56,36,56,52,32,24,4,92,0.347826087,0.260869565,0.4,0.518518519,0.481481481
"(((1, 5), (3, 7)), ((1, 4), (2, 7)), ((4, 5), (6, 7)), ((1, 5), (2, 6)))",-1.424882223,-1.622572733,0.039081538,-1.622708674,0.039135305,56,36,56,52,32,24,4,92,0.347826087,0.260869565,0.4,0.518518519,0.481481481
"(((1, 5), (3, 7)), ((1, 4), (2, 7)), ((4, 5), (6, 7)), ((0, 5), (3, 6)))",-1.357111935,-1.722206432,0.133293992,-1.699877136,0.117487983,56,36,56,52,32,24,4,92,0.347826087,0.260869565,0.4,0.518518519,0.481481481
"(((1, 5), (3, 7)), ((1, 4), (2, 7)), ((0, 1), (2, 3)), ((1, 5), (2, 6)))",-1.399053637,-1.617913178,0.047899499,-1.645173245,0.060574861,56,36,56,52,32,24,4,92,0.347826087,0.260869565,0.4,0.518518519,0.481481481
"(((1, 5), (3, 7)), ((1, 4), (2, 7)), ((0, 1), (2, 3)), ((0, 5), (3, 6)))",-1.350975477,-1.722206436,0.137812425,-1.686900075,0.112845336,56,36,56,52,32,24,4,92,0.347826087,0.260869565,0.4,0.518518519,0.481481481
"(((1, 5), (3, 7)), ((1, 4), (2, 7)), ((1, 5), (2, 6)), ((0, 5), (3, 6)))",-1.389491675,-1.728726234,0.115080086,-1.707463531,0.101106101,56,36,56,52,32,24,4,92,0.347826087,0.260869565,0.4,0.518518519,0.481481481
"(((1, 5), (3, 7)), ((0, 4), (3, 7)), ((4, 5), (6, 7)), ((0, 1), (2, 3)))",-1.444325698,-1.56643126,0.014909768,-1.533300347,0.007916488,56,36,56,52,32,24,4,92,0.347826087,0.260869565,0.4,0.518518519,0.481481481
"(((1, 5), (3, 7)), ((0, 4), (3, 7)), ((4, 5), (6, 7)), ((1, 5), (2, 6)))",-1.422241897,-1.64197812,0.048284008,-1.647667696,0.050816791,56,36,56,52,32,24,4,92,0.347826087,0.260869565,0.4,0.518518519,0.481481481
"(((1, 5), (3, 7)), ((0, 4), (3, 7)), ((4, 5), (6, 7)), ((0, 5), (3, 6)))",-1.433133645,-1.598322406,0.027287327,-1.643605722,0.044298495,56,36,56,52,32,24,4,92,0.347826087,0.260869565,0.4,0.518518519,0.481481481
"(((1, 5), (3, 7)), ((0, 4), (3, 7)), ((0, 1), (2, 3)), ((1, 5), (2, 6)))",-1.364832909,-1.64197812,0.076809468,-1.623364466,0.066838566,56,36,56,52,32,24,4,92,0.347826087,0.260869565,0.4,0.518518519,0.481481481
"(((1, 5), (3, 7)), ((0, 4), (3, 7)), ((0, 1), (2, 3)), ((0, 5), (3, 6)))",-1.392018634,-1.602237416,0.044191936,-1.559107435,0.027918668,56,36,56,52,32,24,4,92,0.347826087,0.260869565,0.4,0.518518519,0.481481481
"(((1, 5), (3, 7)), ((0, 4), (3, 7)), ((1, 5), (2, 6)), ((0, 5), (3, 6)))",-1.302490873,-1.617225543,0.099057913,-1.583660649,0.079056443,56,36,56,52,32,24,4,92,0.347826087,0.260869565,0.4,0.518518519,0.481481481
"(((1, 5), (3, 7)), ((4, 5), (6, 7)), ((0, 1), (2, 3)), ((1, 5), (2, 6)))",-1.350301613,-1.575191077,0.050575271,-1.568479757,0.047601703,56,36,56,52,32,24,4,92,0.347826087,0.260869565,0.4,0.518518519,0.481481481
"(((1, 5), (3, 7)), ((4, 5), (6, 7)), ((0, 1), (2, 3)), ((0, 5), (3, 6)))",-1.322736354,-1.585624025,0.069109928,-1.537402897,0.046081725,56,36,56,52,32,24,4,92,0.347826087,0.260869565,0.4,0.518518519,0.481481481
"(((1, 5), (3, 7)), ((4, 5), (6, 7)), ((1, 5), (2, 6)), ((0, 5), (3, 6)))",-1.371412357,-1.61791319,0.060762661,-1.606568945,0.055298621,56,36,56,52,32,24,4,92,0.347826087,0.260869565,0.4,0.518518519,0.481481481
"(((1, 5), (3, 7)), ((0, 1), (2, 3)), ((1, 5), (2, 6)), ((0, 5), (3, 6)))",-1.353782174,-1.622572727,0.072248361,-1.589387459,0.05550985,56,36,56,52,32,24,4,92,0.347826087,0.260869565,0.4,0.518518519,0.481481481
"(((0, 4), (2, 6)), ((1, 4), (2, 7)), ((0, 4), (3, 7)), ((4, 5), (6, 7)))",-1.55575041,-1.600693744,0.002019903,-1.594955051,0.001537004,56,36,56,52,32,24,4,92,0.347826087,0.260869565,0.4,0.518518519,0.481481481
"(((0, 4), (2, 6)), ((1, 4), (2, 7)), ((0, 4), (3, 7)), ((0, 1), (2, 3)))",-1.500360072,-1.596715076,0.009284287,-1.592858777,0.00855601,56,36,56,52,32,24,4,92,0.347826087,0.260869565,0.4,0.518518519,0.481481481
"(((0, 4), (2, 6)), ((1, 4), (2, 7)), ((0, 4), (3, 7)), ((1, 5), (2, 6)))",-1.468928864,-1.650659251,0.033025934,-1.664782375,0.038358598,56,36,56,52,32,24,4,92,0.347826087,0.260869565,0.4,0.518518519,0.481481481
"(((0, 4), (2, 6)), ((1, 4), (2, 7)), ((0, 4), (3, 7)), ((0, 5), (3, 6)))",-1.492972371,-1.724763027,0.053726908,-1.724556817,0.053631356,56,36,56,52,32,24,4,92,0.347826087,0.260869565,0.4,0.518518519,0.481481481
"(((0, 4), (2, 6)), ((1, 4), (2, 7)), ((4, 5), (6, 7)), ((0, 1), (2, 3)))",-1.470398217,-1.600821875,0.017010331,-1.588576887,0.013966198,56,36,56,52,32,24,4,92,0.347826087,0.260869565,0.4,0.518518519,0.481481481
"(((0, 4), (2, 6)), ((1, 4), (2, 7)), ((4, 5), (6, 7)), ((1, 5), (2, 6)))",-1.43601781,-1.622864841,0.034911813,-1.657926874,0.049243632,56,36,56,52,32,24,4,92,0.347826087,0.260869565,0.4,0.518518519,0.481481481
"(((0, 4), (2, 6)), ((1, 4), (2, 7)), ((4, 5), (6, 7)), ((0, 5), (3, 6)))",-1.371904133,-1.723504566,0.123622864,-1.707315035,0.112500473,56,36,56,52,32,24,4,92,0.347826087,0.260869565,0.4,0.518518519,0.481481481
"(((0, 4), (2, 6)), ((1, 4), (2, 7)), ((0, 1), (2, 3)), ((1, 5), (2, 6)))",-1.424758024,-1.618237312,0.037434235,-1.6535356,0.052339179,56,36,56,52,32,24,4,92,0.347826087,0.260869565,0.4,0.518518519,0.481481481
"(((0, 4), (2, 6)), ((1, 4), (2, 7)), ((0, 1), (2, 3)), ((0, 5), (3, 6)))",-1.338686186,-1.72350456,0.148085181,-1.687341106,0.121560253,56,36,56,52,32,24,4,92,0.347826087,0.260869565,0.4,0.518518519,0.481481481
"(((0, 4), (2, 6)), ((1, 4), (2, 7)), ((1, 5), (2, 6)), ((0, 5), (3, 6)))",-1.348081109,-1.731030265,0.146650056,-1.710008344,0.130991324,56,36,56,52,32,24,4,92,0.347826087,0.260869565,0.4,0.518518519,0.481481481
"(((0, 4), (2, 6)), ((0, 4), (3, 7)), ((4, 5), (6, 7)), ((0, 1), (2, 3)))",-1.445388482,-1.56966401,0.015444407,-1.53389804,0.007833942,56,36,56,52,32,24,4,92,0.347826087,0.260869565,0.4,0.518518519,0.481481481
"(((0, 4), (2, 6)), ((0, 4), (3, 7)), ((4, 5), (6, 7)), ((1, 5), (2, 6)))",-1.372786778,-1.642205551,0.072586475,-1.646615922,0.0749824,56,36,56,52,32,24,4,92,0.347826087,0.260869565,0.4,0.518518519,0.481481481
"(((0, 4), (2, 6)), ((0, 4), (3, 7)), ((4, 5), (6, 7)), ((0, 5), (3, 6)))",-1.460014805,-1.596715077,0.018686964,-1.679459398,0.048155929,56,36,56,52,32,24,4,92,0.347826087,0.260869565,0.4,0.518518519,0.481481481
"(((0, 4), (2, 6)), ((0, 4), (3, 7)), ((0, 1), (2, 3)), ((1, 5), (2, 6)))",-1.343058918,-1.642205551,0.089488708,-1.607929654,0.070156507,56,36,56,52,32,24,4,92,0.347826087,0.260869565,0.4,0.518518519,0.481481481
"(((0, 4), (2, 6)), ((0, 4), (3, 7)), ((0, 1), (2, 3)), ((0, 5), (3, 6)))",-1.379417242,-1.600693745,0.048963291,-1.586185865,0.042753264,56,36,56,52,32,24,4,92,0.347826087,0.260869565,0.4,0.518518519,0.481481481
"(((0, 4), (2, 6)), ((0, 4), (3, 7)), ((1, 5), (2, 6)), ((0, 5), (3, 6)))",-1.284402073,-1.616993518,0.110617069,-1.586247864,0.091110882,56,36,56,52,32,24,4,92,0.347826087,0.260869565,0.4,0.518518519,0.481481481
"(((0, 4), (2, 6)), ((4, 5), (6, 7)), ((0, 1), (2, 3)), ((1, 5), (2, 6)))",-1.328331253,-1.573870596,0.060289569,-1.521530502,0.03732595,56,36,56,52,32,24,4,92,0.347826087,0.260869565,0.4,0.518518519,0.481481481
"(((0, 4), (2, 6)), ((4, 5), (6, 7)), ((0, 1), (2, 3)), ((0, 5), (3, 6)))",-1.322645921,-1.585300048,0.06898719,-1.553985938,0.053518204,56,36,56,52,32,24,4,92,0.347826087,0.260869565,0.4,0.518518519,0.481481481
"(((0, 4), (2, 6)), ((4, 5), (6, 7)), ((1, 5), (2, 6)), ((0, 5), (3, 6)))",-1.327047375,-1.618237312,0.084791579,-1.616466599,0.083763487,56,36,56,52,32,24,4,92,0.347826087,0.260869565,0.4,0.518518519,0.481481481
"(((0, 4), (2, 6)), ((0, 1), (2, 3)), ((1, 5), (2, 6)), ((0, 5), (3, 6)))",-1.337812481,-1.622864836,0.081254845,-1.657132334,0.101965168,56,36,56,52,32,24,4,92,0.347826087,0.260869565,0.4,0.518518519,0.481481481
"(((1, 4), (2, 7)), ((0, 4), (3, 7)), ((4, 5), (6, 7)), ((0, 1), (2, 3)))",-1.505269748,-1.678151207,0.029887999,-1.640868363,0.018386985,56,36,56,52,32,24,4,92,0.347826087,0.260869565,0.4,0.518518519,0.481481481
"(((1, 4), (2, 7)), ((0, 4), (3, 7)), ((4, 5), (6, 7)), ((1, 5), (2, 6)))",-1.500090934,-1.723874824,0.050079229,-1.676621583,0.03116307,56,36,56,52,32,24,4,92,0.347826087,0.260869565,0.4,0.518518519,0.481481481
"(((1, 4), (2, 7)), ((0, 4), (3, 7)), ((4, 5), (6, 7)), ((0, 5), (3, 6)))",-1.457952792,-1.70414991,0.060613021,-1.68962486,0.053671947,56,36,56,52,32,24,4,92,0.347826087,0.260869565,0.4,0.518518519,0.481481481
"(((1, 4), (2, 7)), ((0, 4), (3, 7)), ((0, 1), (2, 3)), ((1, 5), (2, 6)))",-1.463634847,-1.719208335,0.065317808,-1.653301332,0.035973376,56,36,56,52,32,24,4,92,0.347826087,0.260869565,0.4,0.518518519,0.481481481
"(((1, 4), (2, 7)), ((0, 4), (3, 7)), ((0, 1), (2, 3)), ((0, 5), (3, 6)))",-1.402625322,-1.704149913,0.090917079,-1.644584465,0.058544227,56,36,56,52,32,24,4,92,0.347826087,0.260869565,0.4,0.518518519,0.481481481
"(((1, 4), (2, 7)), ((0, 4), (3, 7)), ((1, 5), (2, 6)), ((0, 5), (3, 6)))",-1.352554309,-1.705734116,0.124735976,-1.658590495,0.093658147,56,36,56,52,32,24,4,92,0.347826087,0.260869565,0.4,0.518518519,0.481481481
"(((1, 4), (2, 7)), ((4, 5), (6, 7)), ((0, 1), (2, 3)), ((1, 5), (2, 6)))",-1.393311882,-1.655690304,0.068842436,-1.583549339,0.03619029,56,36,56,52,32,24,4,92,0.347826087,0.260869565,0.4,0.518518519,0.481481481
"(((1, 4), (2, 7)), ((4, 5), (6, 7)), ((0, 1), (2, 3)), ((0, 5), (3, 6)))",-1.276146889,-1.643777361,0.135152164,-1.598018006,0.103601016,56,36,56,52,32,24,4,92,0.347826087,0.260869565,0.4,0.518518519,0.481481481
"(((1, 4), (2, 7)), ((4, 5), (6, 7)), ((1, 5), (2, 6)), ((0, 5), (3, 6)))",-1.379117904,-1.726515953,0.120685404,-1.643972549,0.070147983,56,36,56,52,32,24,4,92,0.347826087,0.260869565,0.4,0.518518519,0.481481481
"(((1, 4), (2, 7)), ((0, 1), (2, 3)), ((1, 5), (2, 6)), ((0, 5), (3, 6)))",-1.368551913,-1.726515956,0.128138256,-1.627319429,0.066960627,56,36,56,52,32,24,4,92,0.347826087,0.260869565,0.4,0.518518519,0.481481481
"(((0, 4), (3, 7)), ((4, 5), (6, 7)), ((0, 1), (2, 3)), ((1, 5), (2, 6)))",-1.295678753,-1.659123212,0.132091875,-1.593687939,0.088809475,56,36,56,52,32,24,4,92,0.347826087,0.260869565,0.4,0.518518519,0.481481481
"(((0, 4), (3, 7)), ((4, 5), (6, 7)), ((0, 1), (2, 3)), ((0, 5), (3, 6)))",-1.313348477,-1.558439399,0.06006956,-1.565341812,0.063500641,56,36,56,52,32,24,4,92,0.347826087,0.260869565,0.4,0.518518519,0.481481481
"(((0, 4), (3, 7)), ((4, 5), (6, 7)), ((1, 5), (2, 6)), ((0, 5), (3, 6)))",-1.334297097,-1.667663193,0.111132954,-1.630908279,0.087978193,56,36,56,52,32,24,4,92,0.347826087,0.260869565,0.4,0.518518519,0.481481481
"(((0, 4), (3, 7)), ((0, 1), (2, 3)), ((1, 5), (2, 6)), ((0, 5), (3, 6)))",-1.331604454,-1.672240014,0.116032585,-1.623932883,0.08545591,56,36,56,52,32,24,4,92,0.347826087,0.260869565,0.4,0.518518519,0.481481481
"(((4, 5), (6, 7)), ((0, 1), (2, 3)), ((1, 5), (2, 6)), ((0, 5), (3, 6)))",-1.267969858,-1.643051104,0.140685941,-1.547540769,0.078159894,56,36,56,52,32,24,4,92,0.347826087,0.260869565,0.4,0.518518519,0.481481481
