Operator,Noisy_val_approx,Ideal_val,2q_gate,1q_gate,2q_gate_tr,1q_gate_tr,cx_gate,cx0_gate,no_T2,total_cnt,sum_cx,sum_cx0,sum_t2,sum_2q_tr,sum_1q_tr
"((0, 5), (2, 7))",-1.616241458,-1.620246322,14,12,14,38,8,6,1,26,0.307692308,0.230769231,0.1,0.269230769,0.730769231
"((1, 4), (3, 6))",-1.60843488,-1.620246322,14,12,14,38,8,6,1,26,0.307692308,0.230769231,0.1,0.269230769,0.730769231
"((0, 4), (2, 6))",-1.60581094,-1.61337318,14,12,14,38,8,6,1,26,0.307692308,0.230769231,0.1,0.269230769,0.730769231
"((1, 5), (3, 7))",-1.606475845,-1.61210856,14,12,14,38,8,6,1,26,0.307692308,0.230769231,0.1,0.269230769,0.730769231
"((0, 4), (3, 7))",-1.560807256,-1.606565672,14,12,14,38,8,6,1,26,0.307692308,0.230769231,0.1,0.269230769,0.730769231
"((1, 4), (2, 7))",-1.567110545,-1.605241357,14,12,14,38,8,6,1,26,0.307692308,0.230769231,0.1,0.269230769,0.730769231
"((4, 5), (6, 7))",-1.558781967,-1.578558456,14,12,14,38,8,6,1,26,0.307692308,0.230769231,0.1,0.269230769,0.730769231
"((0, 1), (2, 3))",-1.538077558,-1.578558456,14,12,14,38,8,6,1,26,0.307692308,0.230769231,0.1,0.269230769,0.730769231
"((1, 5), (2, 6))",-1.642129193,-1.648361081,14,12,14,38,8,6,1,26,0.307692308,0.230769231,0.1,0.269230769,0.730769231
"((0, 5), (3, 6))",-1.597096214,-1.605241357,14,12,14,38,8,6,1,26,0.307692308,0.230769231,0.1,0.269230769,0.730769231
"(((0, 5), (2, 7)), ((1, 4), (3, 6)))",-1.645576709,-1.665766494,28,20,28,72,16,12,2,48,0.333333333,0.25,0.2,0.28,0.72
"(((0, 5), (2, 7)), ((0, 4), (2, 6)))",-1.64435594,-1.657213657,28,20,28,72,16,12,2,48,0.333333333,0.25,0.2,0.28,0.72
"(((0, 5), (2, 7)), ((1, 5), (3, 7)))",-1.646526368,-1.656045184,28,20,28,72,16,12,2,48,0.333333333,0.25,0.2,0.28,0.72
"(((0, 5), (2, 7)), ((0, 4), (3, 7)))",-1.623754467,-1.674549281,28,20,28,72,16,12,2,48,0.333333333,0.25,0.2,0.28,0.72
"(((0, 5), (2, 7)), ((1, 4), (2, 7)))",-1.572505435,-1.626834667,28,20,28,72,16,12,2,48,0.333333333,0.25,0.2,0.28,0.72
"(((0, 5), (2, 7)), ((4, 5), (6, 7)))",-1.585355657,-1.621392662,28,20,28,72,16,12,2,48,0.333333333,0.25,0.2,0.28,0.72
"(((0, 5), (2, 7)), ((0, 1), (2, 3)))",-1.560337809,-1.621587631,28,20,28,72,16,12,2,48,0.333333333,0.25,0.2,0.28,0.72
"(((0, 5), (2, 7)), ((1, 5), (2, 6)))",-1.713834869,-1.726342698,28,20,28,72,16,12,2,48,0.333333333,0.25,0.2,0.28,0.72
"(((0, 5), (2, 7)), ((0, 5), (3, 6)))",-1.614257256,-1.626090894,28,20,28,72,16,12,2,48,0.333333333,0.25,0.2,0.28,0.72
"(((1, 4), (3, 6)), ((0, 4), (2, 6)))",-1.635885446,-1.657213658,28,20,28,72,16,12,2,48,0.333333333,0.25,0.2,0.28,0.72
"(((1, 4), (3, 6)), ((1, 5), (3, 7)))",-1.639730539,-1.656045184,28,20,28,72,16,12,2,48,0.333333333,0.25,0.2,0.28,0.72
"(((1, 4), (3, 6)), ((0, 4), (3, 7)))",-1.618841164,-1.674549281,28,20,28,72,16,12,2,48,0.333333333,0.25,0.2,0.28,0.72
"(((1, 4), (3, 6)), ((1, 4), (2, 7)))",-1.572814704,-1.626090892,28,20,28,72,16,12,2,48,0.333333333,0.25,0.2,0.28,0.72
"(((1, 4), (3, 6)), ((4, 5), (6, 7)))",-1.570834237,-1.621587624,28,20,28,72,16,12,2,48,0.333333333,0.25,0.2,0.28,0.72
"(((1, 4), (3, 6)), ((0, 1), (2, 3)))",-1.554405475,-1.62139267,28,20,28,72,16,12,2,48,0.333333333,0.25,0.2,0.28,0.72
"(((1, 4), (3, 6)), ((1, 5), (2, 6)))",-1.703415133,-1.726342692,28,20,28,72,16,12,2,48,0.333333333,0.25,0.2,0.28,0.72
"(((1, 4), (3, 6)), ((0, 5), (3, 6)))",-1.608223713,-1.626834667,28,20,28,72,16,12,2,48,0.333333333,0.25,0.2,0.28,0.72
"(((0, 4), (2, 6)), ((1, 5), (3, 7)))",-1.639056654,-1.651121033,28,20,28,72,16,12,2,48,0.333333333,0.25,0.2,0.28,0.72
"(((0, 4), (2, 6)), ((0, 4), (3, 7)))",-1.563571907,-1.624509976,28,20,28,72,16,12,2,48,0.333333333,0.25,0.2,0.28,0.72
"(((0, 4), (2, 6)), ((1, 4), (2, 7)))",-1.612136087,-1.66714123,28,20,28,72,16,12,2,48,0.333333333,0.25,0.2,0.28,0.72
"(((0, 4), (2, 6)), ((4, 5), (6, 7)))",-1.577102928,-1.613914672,28,20,28,72,16,12,2,48,0.333333333,0.25,0.2,0.28,0.72
"(((0, 4), (2, 6)), ((0, 1), (2, 3)))",-1.551683193,-1.613914672,28,20,28,72,16,12,2,48,0.333333333,0.25,0.2,0.28,0.72
"(((0, 4), (2, 6)), ((1, 5), (2, 6)))",-1.638683592,-1.65304008,28,20,28,72,16,12,2,48,0.333333333,0.25,0.2,0.28,0.72
"(((0, 4), (2, 6)), ((0, 5), (3, 6)))",-1.64973375,-1.667141234,28,20,28,72,16,12,2,48,0.333333333,0.25,0.2,0.28,0.72
"(((1, 5), (3, 7)), ((0, 4), (3, 7)))",-1.566834612,-1.624854335,28,20,28,72,16,12,2,48,0.333333333,0.25,0.2,0.28,0.72
"(((1, 5), (3, 7)), ((1, 4), (2, 7)))",-1.612896529,-1.664378979,28,20,28,72,16,12,2,48,0.333333333,0.25,0.2,0.28,0.72
"(((1, 5), (3, 7)), ((4, 5), (6, 7)))",-1.577577003,-1.612461362,28,20,28,72,16,12,2,48,0.333333333,0.25,0.2,0.28,0.72
"(((1, 5), (3, 7)), ((0, 1), (2, 3)))",-1.553023185,-1.612461362,28,20,28,72,16,12,2,48,0.333333333,0.25,0.2,0.28,0.72
"(((1, 5), (3, 7)), ((1, 5), (2, 6)))",-1.641872606,-1.652486662,28,20,28,72,16,12,2,48,0.333333333,0.25,0.2,0.28,0.72
"(((1, 5), (3, 7)), ((0, 5), (3, 6)))",-1.649557532,-1.664378979,28,20,28,72,16,12,2,48,0.333333333,0.25,0.2,0.28,0.72
"(((0, 4), (3, 7)), ((1, 4), (2, 7)))",-1.54714165,-1.640036837,28,20,28,72,16,12,2,48,0.333333333,0.25,0.2,0.28,0.72
"(((0, 4), (3, 7)), ((4, 5), (6, 7)))",-1.539208616,-1.615061687,28,20,28,72,16,12,2,48,0.333333333,0.25,0.2,0.28,0.72
"(((0, 4), (3, 7)), ((0, 1), (2, 3)))",-1.529381332,-1.615061687,28,20,28,72,16,12,2,48,0.333333333,0.25,0.2,0.28,0.72
"(((0, 4), (3, 7)), ((1, 5), (2, 6)))",-1.631798141,-1.680580026,28,20,28,72,16,12,2,48,0.333333333,0.25,0.2,0.28,0.72
"(((0, 4), (3, 7)), ((0, 5), (3, 6)))",-1.587176677,-1.640036843,28,20,28,72,16,12,2,48,0.333333333,0.25,0.2,0.28,0.72
"(((1, 4), (2, 7)), ((4, 5), (6, 7)))",-1.550243641,-1.620407027,28,20,28,72,16,12,2,48,0.333333333,0.25,0.2,0.28,0.72
"(((1, 4), (2, 7)), ((0, 1), (2, 3)))",-1.528767574,-1.617258679,28,20,28,72,16,12,2,48,0.333333333,0.25,0.2,0.28,0.72
"(((1, 4), (2, 7)), ((1, 5), (2, 6)))",-1.631783669,-1.681437065,28,20,28,72,16,12,2,48,0.333333333,0.25,0.2,0.28,0.72
"(((1, 4), (2, 7)), ((0, 5), (3, 6)))",-1.58402891,-1.635091397,28,20,28,72,16,12,2,48,0.333333333,0.25,0.2,0.28,0.72
"(((4, 5), (6, 7)), ((0, 1), (2, 3)))",-1.521016179,-1.5809312,28,20,28,72,16,12,2,48,0.333333333,0.25,0.2,0.28,0.72
"(((4, 5), (6, 7)), ((1, 5), (2, 6)))",-1.631056505,-1.662550317,28,20,28,72,16,12,2,48,0.333333333,0.25,0.2,0.28,0.72
"(((4, 5), (6, 7)), ((0, 5), (3, 6)))",-1.58682748,-1.617258682,28,20,28,72,16,12,2,48,0.333333333,0.25,0.2,0.28,0.72
"(((0, 1), (2, 3)), ((1, 5), (2, 6)))",-1.60389895,-1.662550318,28,20,28,72,16,12,2,48,0.333333333,0.25,0.2,0.28,0.72
"(((0, 1), (2, 3)), ((0, 5), (3, 6)))",-1.564024732,-1.620407024,28,20,28,72,16,12,2,48,0.333333333,0.25,0.2,0.28,0.72
"(((1, 5), (2, 6)), ((0, 5), (3, 6)))",-1.66598127,-1.681437066,28,20,28,72,16,12,2,48,0.333333333,0.25,0.2,0.28,0.72
"(((0, 5), (2, 7)), ((1, 4), (3, 6)), ((0, 4), (2, 6)))",-1.667428666,-1.699581981,42,28,42,106,24,18,3,70,0.342857143,0.257142857,0.3,0.283783784,0.716216216
"(((0, 5), (2, 7)), ((1, 4), (3, 6)), ((1, 5), (3, 7)))",-1.672960885,-1.698644447,42,28,42,106,24,18,3,70,0.342857143,0.257142857,0.3,0.283783784,0.716216216
"(((0, 5), (2, 7)), ((1, 4), (3, 6)), ((0, 4), (3, 7)))",-1.663689799,-1.730938584,42,28,42,106,24,18,3,70,0.342857143,0.257142857,0.3,0.283783784,0.716216216
"(((0, 5), (2, 7)), ((1, 4), (3, 6)), ((1, 4), (2, 7)))",-1.599142739,-1.665780607,42,28,42,106,24,18,3,70,0.342857143,0.257142857,0.3,0.283783784,0.716216216
"(((0, 5), (2, 7)), ((1, 4), (3, 6)), ((4, 5), (6, 7)))",-1.59420612,-1.672851107,42,28,42,106,24,18,3,70,0.342857143,0.257142857,0.3,0.283783784,0.716216216
"(((0, 5), (2, 7)), ((1, 4), (3, 6)), ((0, 1), (2, 3)))",-1.585885848,-1.67285111,42,28,42,106,24,18,3,70,0.342857143,0.257142857,0.3,0.283783784,0.716216216
"(((0, 5), (2, 7)), ((1, 4), (3, 6)), ((1, 5), (2, 6)))",-1.748752521,-1.782151669,42,28,42,106,24,18,3,70,0.342857143,0.257142857,0.3,0.283783784,0.716216216
"(((0, 5), (2, 7)), ((1, 4), (3, 6)), ((0, 5), (3, 6)))",-1.638681214,-1.66578061,42,28,42,106,24,18,3,70,0.342857143,0.257142857,0.3,0.283783784,0.716216216
"(((0, 5), (2, 7)), ((0, 4), (2, 6)), ((1, 5), (3, 7)))",-1.680936148,-1.700973576,42,28,42,106,24,18,3,70,0.342857143,0.257142857,0.3,0.283783784,0.716216216
"(((0, 5), (2, 7)), ((0, 4), (2, 6)), ((0, 4), (3, 7)))",-1.62790392,-1.686970774,42,28,42,106,24,18,3,70,0.342857143,0.257142857,0.3,0.283783784,0.716216216
"(((0, 5), (2, 7)), ((0, 4), (2, 6)), ((1, 4), (2, 7)))",-1.606928661,-1.681040494,42,28,42,106,24,18,3,70,0.342857143,0.257142857,0.3,0.283783784,0.716216216
"(((0, 5), (2, 7)), ((0, 4), (2, 6)), ((4, 5), (6, 7)))",-1.604287549,-1.666150603,42,28,42,106,24,18,3,70,0.342857143,0.257142857,0.3,0.283783784,0.716216216
"(((0, 5), (2, 7)), ((0, 4), (2, 6)), ((0, 1), (2, 3)))",-1.592908593,-1.666660985,42,28,42,106,24,18,3,70,0.342857143,0.257142857,0.3,0.283783784,0.716216216
"(((0, 5), (2, 7)), ((0, 4), (2, 6)), ((1, 5), (2, 6)))",-1.707263624,-1.729299977,42,28,42,106,24,18,3,70,0.342857143,0.257142857,0.3,0.283783784,0.716216216
"(((0, 5), (2, 7)), ((0, 4), (2, 6)), ((0, 5), (3, 6)))",-1.656747683,-1.680038034,42,28,42,106,24,18,3,70,0.342857143,0.257142857,0.3,0.283783784,0.716216216
"(((0, 5), (2, 7)), ((1, 5), (3, 7)), ((0, 4), (3, 7)))",-1.633048927,-1.687743509,42,28,42,106,24,18,3,70,0.342857143,0.257142857,0.3,0.283783784,0.716216216
"(((0, 5), (2, 7)), ((1, 5), (3, 7)), ((1, 4), (2, 7)))",-1.613188975,-1.678739938,42,28,42,106,24,18,3,70,0.342857143,0.257142857,0.3,0.283783784,0.716216216
"(((0, 5), (2, 7)), ((1, 5), (3, 7)), ((4, 5), (6, 7)))",-1.608158995,-1.664328164,42,28,42,106,24,18,3,70,0.342857143,0.257142857,0.3,0.283783784,0.716216216
"(((0, 5), (2, 7)), ((1, 5), (3, 7)), ((0, 1), (2, 3)))",-1.593566442,-1.664815344,42,28,42,106,24,18,3,70,0.342857143,0.257142857,0.3,0.283783784,0.716216216
"(((0, 5), (2, 7)), ((1, 5), (3, 7)), ((1, 5), (2, 6)))",-1.712444407,-1.728854285,42,28,42,106,24,18,3,70,0.342857143,0.257142857,0.3,0.283783784,0.716216216
"(((0, 5), (2, 7)), ((1, 5), (3, 7)), ((0, 5), (3, 6)))",-1.656602002,-1.677740413,42,28,42,106,24,18,3,70,0.342857143,0.257142857,0.3,0.283783784,0.716216216
"(((0, 5), (2, 7)), ((0, 4), (3, 7)), ((1, 4), (2, 7)))",-1.561232016,-1.680786558,42,28,42,106,24,18,3,70,0.342857143,0.257142857,0.3,0.283783784,0.716216216
"(((0, 5), (2, 7)), ((0, 4), (3, 7)), ((4, 5), (6, 7)))",-1.579258083,-1.674625933,42,28,42,106,24,18,3,70,0.342857143,0.257142857,0.3,0.283783784,0.716216216
"(((0, 5), (2, 7)), ((0, 4), (3, 7)), ((0, 1), (2, 3)))",-1.562641982,-1.674584755,42,28,42,106,24,18,3,70,0.342857143,0.257142857,0.3,0.283783784,0.716216216
"(((0, 5), (2, 7)), ((0, 4), (3, 7)), ((1, 5), (2, 6)))",-1.738929229,-1.79580291,42,28,42,106,24,18,3,70,0.342857143,0.257142857,0.3,0.283783784,0.716216216
"(((0, 5), (2, 7)), ((0, 4), (3, 7)), ((0, 5), (3, 6)))",-1.61537373,-1.679951233,42,28,42,106,24,18,3,70,0.342857143,0.257142857,0.3,0.283783784,0.716216216
"(((0, 5), (2, 7)), ((1, 4), (2, 7)), ((4, 5), (6, 7)))",-1.540395225,-1.627787896,42,28,42,106,24,18,3,70,0.342857143,0.257142857,0.3,0.283783784,0.716216216
"(((0, 5), (2, 7)), ((1, 4), (2, 7)), ((0, 1), (2, 3)))",-1.520897793,-1.627174462,42,28,42,106,24,18,3,70,0.342857143,0.257142857,0.3,0.283783784,0.716216216
"(((0, 5), (2, 7)), ((1, 4), (2, 7)), ((1, 5), (2, 6)))",-1.655300776,-1.732411114,42,28,42,106,24,18,3,70,0.342857143,0.257142857,0.3,0.283783784,0.716216216
"(((0, 5), (2, 7)), ((1, 4), (2, 7)), ((0, 5), (3, 6)))",-1.583236652,-1.640500929,42,28,42,106,24,18,3,70,0.342857143,0.257142857,0.3,0.283783784,0.716216216
"(((0, 5), (2, 7)), ((4, 5), (6, 7)), ((0, 1), (2, 3)))",-1.526007907,-1.623833344,42,28,42,106,24,18,3,70,0.342857143,0.257142857,0.3,0.283783784,0.716216216
"(((0, 5), (2, 7)), ((4, 5), (6, 7)), ((1, 5), (2, 6)))",-1.670493435,-1.727595761,42,28,42,106,24,18,3,70,0.342857143,0.257142857,0.3,0.283783784,0.716216216
"(((0, 5), (2, 7)), ((4, 5), (6, 7)), ((0, 5), (3, 6)))",-1.588525396,-1.626473693,42,28,42,106,24,18,3,70,0.342857143,0.257142857,0.3,0.283783784,0.716216216
"(((0, 5), (2, 7)), ((0, 1), (2, 3)), ((1, 5), (2, 6)))",-1.641415209,-1.727424069,42,28,42,106,24,18,3,70,0.342857143,0.257142857,0.3,0.283783784,0.716216216
"(((0, 5), (2, 7)), ((0, 1), (2, 3)), ((0, 5), (3, 6)))",-1.557748623,-1.626835193,42,28,42,106,24,18,3,70,0.342857143,0.257142857,0.3,0.283783784,0.716216216
"(((0, 5), (2, 7)), ((1, 5), (2, 6)), ((0, 5), (3, 6)))",-1.703969601,-1.731624889,42,28,42,106,24,18,3,70,0.342857143,0.257142857,0.3,0.283783784,0.716216216
"(((1, 4), (3, 6)), ((0, 4), (2, 6)), ((1, 5), (3, 7)))",-1.671707051,-1.700973572,42,28,42,106,24,18,3,70,0.342857143,0.257142857,0.3,0.283783784,0.716216216
"(((1, 4), (3, 6)), ((0, 4), (2, 6)), ((0, 4), (3, 7)))",-1.627038719,-1.686970781,42,28,42,106,24,18,3,70,0.342857143,0.257142857,0.3,0.283783784,0.716216216
"(((1, 4), (3, 6)), ((0, 4), (2, 6)), ((1, 4), (2, 7)))",-1.612253424,-1.680038034,42,28,42,106,24,18,3,70,0.342857143,0.257142857,0.3,0.283783784,0.716216216
"(((1, 4), (3, 6)), ((0, 4), (2, 6)), ((4, 5), (6, 7)))",-1.588470503,-1.666660985,42,28,42,106,24,18,3,70,0.342857143,0.257142857,0.3,0.283783784,0.716216216
"(((1, 4), (3, 6)), ((0, 4), (2, 6)), ((0, 1), (2, 3)))",-1.581018365,-1.666150605,42,28,42,106,24,18,3,70,0.342857143,0.257142857,0.3,0.283783784,0.716216216
"(((1, 4), (3, 6)), ((0, 4), (2, 6)), ((1, 5), (2, 6)))",-1.694181581,-1.729299977,42,28,42,106,24,18,3,70,0.342857143,0.257142857,0.3,0.283783784,0.716216216
"(((1, 4), (3, 6)), ((0, 4), (2, 6)), ((0, 5), (3, 6)))",-1.645596788,-1.681040485,42,28,42,106,24,18,3,70,0.342857143,0.257142857,0.3,0.283783784,0.716216216
"(((1, 4), (3, 6)), ((1, 5), (3, 7)), ((0, 4), (3, 7)))",-1.629122426,-1.687743512,42,28,42,106,24,18,3,70,0.342857143,0.257142857,0.3,0.283783784,0.716216216
"(((1, 4), (3, 6)), ((1, 5), (3, 7)), ((1, 4), (2, 7)))",-1.615436517,-1.677740408,42,28,42,106,24,18,3,70,0.342857143,0.257142857,0.3,0.283783784,0.716216216
"(((1, 4), (3, 6)), ((1, 5), (3, 7)), ((4, 5), (6, 7)))",-1.592971071,-1.664815344,42,28,42,106,24,18,3,70,0.342857143,0.257142857,0.3,0.283783784,0.716216216
"(((1, 4), (3, 6)), ((1, 5), (3, 7)), ((0, 1), (2, 3)))",-1.587171887,-1.664328157,42,28,42,106,24,18,3,70,0.342857143,0.257142857,0.3,0.283783784,0.716216216
"(((1, 4), (3, 6)), ((1, 5), (3, 7)), ((1, 5), (2, 6)))",-1.700528556,-1.728854291,42,28,42,106,24,18,3,70,0.342857143,0.257142857,0.3,0.283783784,0.716216216
"(((1, 4), (3, 6)), ((1, 5), (3, 7)), ((0, 5), (3, 6)))",-1.649316783,-1.678739938,42,28,42,106,24,18,3,70,0.342857143,0.257142857,0.3,0.283783784,0.716216216
"(((1, 4), (3, 6)), ((0, 4), (3, 7)), ((1, 4), (2, 7)))",-1.568134854,-1.679951235,42,28,42,106,24,18,3,70,0.342857143,0.257142857,0.3,0.283783784,0.716216216
"(((1, 4), (3, 6)), ((0, 4), (3, 7)), ((4, 5), (6, 7)))",-1.577054217,-1.674584759,42,28,42,106,24,18,3,70,0.342857143,0.257142857,0.3,0.283783784,0.716216216
"(((1, 4), (3, 6)), ((0, 4), (3, 7)), ((0, 1), (2, 3)))",-1.561124657,-1.674625944,42,28,42,106,24,18,3,70,0.342857143,0.257142857,0.3,0.283783784,0.716216216
"(((1, 4), (3, 6)), ((0, 4), (3, 7)), ((1, 5), (2, 6)))",-1.723749582,-1.795802917,42,28,42,106,24,18,3,70,0.342857143,0.257142857,0.3,0.283783784,0.716216216
"(((1, 4), (3, 6)), ((0, 4), (3, 7)), ((0, 5), (3, 6)))",-1.613761645,-1.680786558,42,28,42,106,24,18,3,70,0.342857143,0.257142857,0.3,0.283783784,0.716216216
"(((1, 4), (3, 6)), ((1, 4), (2, 7)), ((4, 5), (6, 7)))",-1.539911139,-1.62683519,42,28,42,106,24,18,3,70,0.342857143,0.257142857,0.3,0.283783784,0.716216216
"(((1, 4), (3, 6)), ((1, 4), (2, 7)), ((0, 1), (2, 3)))",-1.519981486,-1.626473678,42,28,42,106,24,18,3,70,0.342857143,0.257142857,0.3,0.283783784,0.716216216
"(((1, 4), (3, 6)), ((1, 4), (2, 7)), ((1, 5), (2, 6)))",-1.662521329,-1.73162488,42,28,42,106,24,18,3,70,0.342857143,0.257142857,0.3,0.283783784,0.716216216
"(((1, 4), (3, 6)), ((1, 4), (2, 7)), ((0, 5), (3, 6)))",-1.584524616,-1.640500933,42,28,42,106,24,18,3,70,0.342857143,0.257142857,0.3,0.283783784,0.716216216
"(((1, 4), (3, 6)), ((4, 5), (6, 7)), ((0, 1), (2, 3)))",-1.525433308,-1.623833342,42,28,42,106,24,18,3,70,0.342857143,0.257142857,0.3,0.283783784,0.716216216
"(((1, 4), (3, 6)), ((4, 5), (6, 7)), ((1, 5), (2, 6)))",-1.654298642,-1.727424065,42,28,42,106,24,18,3,70,0.342857143,0.257142857,0.3,0.283783784,0.716216216
"(((1, 4), (3, 6)), ((4, 5), (6, 7)), ((0, 5), (3, 6)))",-1.572981966,-1.627174463,42,28,42,106,24,18,3,70,0.342857143,0.257142857,0.3,0.283783784,0.716216216
"(((1, 4), (3, 6)), ((0, 1), (2, 3)), ((1, 5), (2, 6)))",-1.634287312,-1.727595761,42,28,42,106,24,18,3,70,0.342857143,0.257142857,0.3,0.283783784,0.716216216
"(((1, 4), (3, 6)), ((0, 1), (2, 3)), ((0, 5), (3, 6)))",-1.55025195,-1.627787898,42,28,42,106,24,18,3,70,0.342857143,0.257142857,0.3,0.283783784,0.716216216
"(((1, 4), (3, 6)), ((1, 5), (2, 6)), ((0, 5), (3, 6)))",-1.692881122,-1.732411113,42,28,42,106,24,18,3,70,0.342857143,0.257142857,0.3,0.283783784,0.716216216
"(((0, 4), (2, 6)), ((1, 5), (3, 7)), ((0, 4), (3, 7)))",-1.576773899,-1.65283683,42,28,42,106,24,18,3,70,0.342857143,0.257142857,0.3,0.283783784,0.716216216
"(((0, 4), (2, 6)), ((1, 5), (3, 7)), ((1, 4), (2, 7)))",-1.647319181,-1.718971354,42,28,42,106,24,18,3,70,0.342857143,0.257142857,0.3,0.283783784,0.716216216
"(((0, 4), (2, 6)), ((1, 5), (3, 7)), ((4, 5), (6, 7)))",-1.596580341,-1.656463317,42,28,42,106,24,18,3,70,0.342857143,0.257142857,0.3,0.283783784,0.716216216
"(((0, 4), (2, 6)), ((1, 5), (3, 7)), ((0, 1), (2, 3)))",-1.584273426,-1.656463314,42,28,42,106,24,18,3,70,0.342857143,0.257142857,0.3,0.283783784,0.716216216
"(((0, 4), (2, 6)), ((1, 5), (3, 7)), ((1, 5), (2, 6)))",-1.64344486,-1.662946042,42,28,42,106,24,18,3,70,0.342857143,0.257142857,0.3,0.283783784,0.716216216
"(((0, 4), (2, 6)), ((1, 5), (3, 7)), ((0, 5), (3, 6)))",-1.691534664,-1.718971364,42,28,42,106,24,18,3,70,0.342857143,0.257142857,0.3,0.283783784,0.716216216
"(((0, 4), (2, 6)), ((0, 4), (3, 7)), ((1, 4), (2, 7)))",-1.573103501,-1.677083724,42,28,42,106,24,18,3,70,0.342857143,0.257142857,0.3,0.283783784,0.716216216
"(((0, 4), (2, 6)), ((0, 4), (3, 7)), ((4, 5), (6, 7)))",-1.531882431,-1.625291865,42,28,42,106,24,18,3,70,0.342857143,0.257142857,0.3,0.283783784,0.716216216
"(((0, 4), (2, 6)), ((0, 4), (3, 7)), ((0, 1), (2, 3)))",-1.519761374,-1.625291871,42,28,42,106,24,18,3,70,0.342857143,0.257142857,0.3,0.283783784,0.716216216
"(((0, 4), (2, 6)), ((0, 4), (3, 7)), ((1, 5), (2, 6)))",-1.612165643,-1.681025799,42,28,42,106,24,18,3,70,0.342857143,0.257142857,0.3,0.283783784,0.716216216
"(((0, 4), (2, 6)), ((0, 4), (3, 7)), ((0, 5), (3, 6)))",-1.602387763,-1.677083724,42,28,42,106,24,18,3,70,0.342857143,0.257142857,0.3,0.283783784,0.716216216
"(((0, 4), (2, 6)), ((1, 4), (2, 7)), ((4, 5), (6, 7)))",-1.574550268,-1.669683222,42,28,42,106,24,18,3,70,0.342857143,0.257142857,0.3,0.283783784,0.716216216
"(((0, 4), (2, 6)), ((1, 4), (2, 7)), ((0, 1), (2, 3)))",-1.558613763,-1.668434509,42,28,42,106,24,18,3,70,0.342857143,0.257142857,0.3,0.283783784,0.716216216
"(((0, 4), (2, 6)), ((1, 4), (2, 7)), ((1, 5), (2, 6)))",-1.633408117,-1.699279903,42,28,42,106,24,18,3,70,0.342857143,0.257142857,0.3,0.283783784,0.716216216
"(((0, 4), (2, 6)), ((1, 4), (2, 7)), ((0, 5), (3, 6)))",-1.649918064,-1.735647632,42,28,42,106,24,18,3,70,0.342857143,0.257142857,0.3,0.283783784,0.716216216
"(((0, 4), (2, 6)), ((4, 5), (6, 7)), ((0, 1), (2, 3)))",-1.521270811,-1.614873522,42,28,42,106,24,18,3,70,0.342857143,0.257142857,0.3,0.283783784,0.716216216
"(((0, 4), (2, 6)), ((4, 5), (6, 7)), ((1, 5), (2, 6)))",-1.624520396,-1.662656822,42,28,42,106,24,18,3,70,0.342857143,0.257142857,0.3,0.283783784,0.716216216
"(((0, 4), (2, 6)), ((4, 5), (6, 7)), ((0, 5), (3, 6)))",-1.612925219,-1.668434505,42,28,42,106,24,18,3,70,0.342857143,0.257142857,0.3,0.283783784,0.716216216
"(((0, 4), (2, 6)), ((0, 1), (2, 3)), ((1, 5), (2, 6)))",-1.591960245,-1.662656821,42,28,42,106,24,18,3,70,0.342857143,0.257142857,0.3,0.283783784,0.716216216
"(((0, 4), (2, 6)), ((0, 1), (2, 3)), ((0, 5), (3, 6)))",-1.584704301,-1.66968322,42,28,42,106,24,18,3,70,0.342857143,0.257142857,0.3,0.283783784,0.716216216
"(((0, 4), (2, 6)), ((1, 5), (2, 6)), ((0, 5), (3, 6)))",-1.672932593,-1.699279902,42,28,42,106,24,18,3,70,0.342857143,0.257142857,0.3,0.283783784,0.716216216
"(((1, 5), (3, 7)), ((0, 4), (3, 7)), ((1, 4), (2, 7)))",-1.573563986,-1.676328437,42,28,42,106,24,18,3,70,0.342857143,0.257142857,0.3,0.283783784,0.716216216
"(((1, 5), (3, 7)), ((0, 4), (3, 7)), ((4, 5), (6, 7)))",-1.535930257,-1.625882242,42,28,42,106,24,18,3,70,0.342857143,0.257142857,0.3,0.283783784,0.716216216
"(((1, 5), (3, 7)), ((0, 4), (3, 7)), ((0, 1), (2, 3)))",-1.522932643,-1.625882245,42,28,42,106,24,18,3,70,0.342857143,0.257142857,0.3,0.283783784,0.716216216
"(((1, 5), (3, 7)), ((0, 4), (3, 7)), ((1, 5), (2, 6)))",-1.614297268,-1.681047292,42,28,42,106,24,18,3,70,0.342857143,0.257142857,0.3,0.283783784,0.716216216
"(((1, 5), (3, 7)), ((0, 4), (3, 7)), ((0, 5), (3, 6)))",-1.604742943,-1.676328437,42,28,42,106,24,18,3,70,0.342857143,0.257142857,0.3,0.283783784,0.716216216
"(((1, 5), (3, 7)), ((1, 4), (2, 7)), ((4, 5), (6, 7)))",-1.578185709,-1.667377548,42,28,42,106,24,18,3,70,0.342857143,0.257142857,0.3,0.283783784,0.716216216
"(((1, 5), (3, 7)), ((1, 4), (2, 7)), ((0, 1), (2, 3)))",-1.560232869,-1.666009007,42,28,42,106,24,18,3,70,0.342857143,0.257142857,0.3,0.283783784,0.716216216
"(((1, 5), (3, 7)), ((1, 4), (2, 7)), ((1, 5), (2, 6)))",-1.634453686,-1.697510257,42,28,42,106,24,18,3,70,0.342857143,0.257142857,0.3,0.283783784,0.716216216
"(((1, 5), (3, 7)), ((1, 4), (2, 7)), ((0, 5), (3, 6)))",-1.649748315,-1.730134184,42,28,42,106,24,18,3,70,0.342857143,0.257142857,0.3,0.283783784,0.716216216
"(((1, 5), (3, 7)), ((4, 5), (6, 7)), ((0, 1), (2, 3)))",-1.523528124,-1.613052344,42,28,42,106,24,18,3,70,0.342857143,0.257142857,0.3,0.283783784,0.716216216
"(((1, 5), (3, 7)), ((4, 5), (6, 7)), ((1, 5), (2, 6)))",-1.625753493,-1.662608223,42,28,42,106,24,18,3,70,0.342857143,0.257142857,0.3,0.283783784,0.716216216
"(((1, 5), (3, 7)), ((4, 5), (6, 7)), ((0, 5), (3, 6)))",-1.612745055,-1.666009014,42,28,42,106,24,18,3,70,0.342857143,0.257142857,0.3,0.283783784,0.716216216
"(((1, 5), (3, 7)), ((0, 1), (2, 3)), ((1, 5), (2, 6)))",-1.594237972,-1.662608223,42,28,42,106,24,18,3,70,0.342857143,0.257142857,0.3,0.283783784,0.716216216
"(((1, 5), (3, 7)), ((0, 1), (2, 3)), ((0, 5), (3, 6)))",-1.584063077,-1.667377552,42,28,42,106,24,18,3,70,0.342857143,0.257142857,0.3,0.283783784,0.716216216
"(((1, 5), (3, 7)), ((1, 5), (2, 6)), ((0, 5), (3, 6)))",-1.675556856,-1.697510258,42,28,42,106,24,18,3,70,0.342857143,0.257142857,0.3,0.283783784,0.716216216
"(((0, 4), (3, 7)), ((1, 4), (2, 7)), ((4, 5), (6, 7)))",-1.534840343,-1.666479033,42,28,42,106,24,18,3,70,0.342857143,0.257142857,0.3,0.283783784,0.716216216
"(((0, 4), (3, 7)), ((1, 4), (2, 7)), ((0, 1), (2, 3)))",-1.517277797,-1.662460434,42,28,42,106,24,18,3,70,0.342857143,0.257142857,0.3,0.283783784,0.716216216
"(((0, 4), (3, 7)), ((1, 4), (2, 7)), ((1, 5), (2, 6)))",-1.616715547,-1.72403724,42,28,42,106,24,18,3,70,0.342857143,0.257142857,0.3,0.283783784,0.716216216
"(((0, 4), (3, 7)), ((1, 4), (2, 7)), ((0, 5), (3, 6)))",-1.563506202,-1.680674306,42,28,42,106,24,18,3,70,0.342857143,0.257142857,0.3,0.283783784,0.716216216
"(((0, 4), (3, 7)), ((4, 5), (6, 7)), ((0, 1), (2, 3)))",-1.502477893,-1.627062874,42,28,42,106,24,18,3,70,0.342857143,0.257142857,0.3,0.283783784,0.716216216
"(((0, 4), (3, 7)), ((4, 5), (6, 7)), ((1, 5), (2, 6)))",-1.612493769,-1.704644337,42,28,42,106,24,18,3,70,0.342857143,0.257142857,0.3,0.283783784,0.716216216
"(((0, 4), (3, 7)), ((4, 5), (6, 7)), ((0, 5), (3, 6)))",-1.569134475,-1.662460425,42,28,42,106,24,18,3,70,0.342857143,0.257142857,0.3,0.283783784,0.716216216
"(((0, 4), (3, 7)), ((0, 1), (2, 3)), ((1, 5), (2, 6)))",-1.598639313,-1.70464433,42,28,42,106,24,18,3,70,0.342857143,0.257142857,0.3,0.283783784,0.716216216
"(((0, 4), (3, 7)), ((0, 1), (2, 3)), ((0, 5), (3, 6)))",-1.559212529,-1.666479037,42,28,42,106,24,18,3,70,0.342857143,0.257142857,0.3,0.283783784,0.716216216
"(((0, 4), (3, 7)), ((1, 5), (2, 6)), ((0, 5), (3, 6)))",-1.649836279,-1.712990235,42,28,42,106,24,18,3,70,0.342857143,0.257142857,0.3,0.283783784,0.716216216
"(((1, 4), (2, 7)), ((4, 5), (6, 7)), ((0, 1), (2, 3)))",-1.513534764,-1.638555497,42,28,42,106,24,18,3,70,0.342857143,0.257142857,0.3,0.283783784,0.716216216
"(((1, 4), (2, 7)), ((4, 5), (6, 7)), ((1, 5), (2, 6)))",-1.619434268,-1.712563714,42,28,42,106,24,18,3,70,0.342857143,0.257142857,0.3,0.283783784,0.716216216
"(((1, 4), (2, 7)), ((4, 5), (6, 7)), ((0, 5), (3, 6)))",-1.576464642,-1.667050646,42,28,42,106,24,18,3,70,0.342857143,0.257142857,0.3,0.283783784,0.716216216
"(((1, 4), (2, 7)), ((0, 1), (2, 3)), ((1, 5), (2, 6)))",-1.594903232,-1.708789392,42,28,42,106,24,18,3,70,0.342857143,0.257142857,0.3,0.283783784,0.716216216
"(((1, 4), (2, 7)), ((0, 1), (2, 3)), ((0, 5), (3, 6)))",-1.553590892,-1.667050641,42,28,42,106,24,18,3,70,0.342857143,0.257142857,0.3,0.283783784,0.716216216
"(((1, 4), (2, 7)), ((1, 5), (2, 6)), ((0, 5), (3, 6)))",-1.656309904,-1.723730515,42,28,42,106,24,18,3,70,0.342857143,0.257142857,0.3,0.283783784,0.716216216
"(((4, 5), (6, 7)), ((0, 1), (2, 3)), ((1, 5), (2, 6)))",-1.587716084,-1.675031673,42,28,42,106,24,18,3,70,0.342857143,0.257142857,0.3,0.283783784,0.716216216
"(((4, 5), (6, 7)), ((0, 1), (2, 3)), ((0, 5), (3, 6)))",-1.547224855,-1.631915004,42,28,42,106,24,18,3,70,0.342857143,0.257142857,0.3,0.283783784,0.716216216
"(((4, 5), (6, 7)), ((1, 5), (2, 6)), ((0, 5), (3, 6)))",-1.660711871,-1.708789389,42,28,42,106,24,18,3,70,0.342857143,0.257142857,0.3,0.283783784,0.716216216
"(((0, 1), (2, 3)), ((1, 5), (2, 6)), ((0, 5), (3, 6)))",-1.630015349,-1.712563714,42,28,42,106,24,18,3,70,0.342857143,0.257142857,0.3,0.283783784,0.716216216
"(((0, 5), (2, 7)), ((1, 4), (3, 6)), ((0, 4), (2, 6)), ((1, 5), (3, 7)))",-1.713026394,-1.752331617,56,36,56,140,32,24,4,92,0.347826087,0.260869565,0.4,0.285714286,0.714285714
"(((0, 5), (2, 7)), ((1, 4), (3, 6)), ((0, 4), (2, 6)), ((0, 4), (3, 7)))",-1.657325305,-1.74428365,56,36,56,140,32,24,4,92,0.347826087,0.260869565,0.4,0.285714286,0.714285714
"(((0, 5), (2, 7)), ((1, 4), (3, 6)), ((0, 4), (2, 6)), ((1, 4), (2, 7)))",-1.62971821,-1.703349787,56,36,56,140,32,24,4,92,0.347826087,0.260869565,0.4,0.285714286,0.714285714
"(((0, 5), (2, 7)), ((1, 4), (3, 6)), ((0, 4), (2, 6)), ((4, 5), (6, 7)))",-1.618731601,-1.713410947,56,36,56,140,32,24,4,92,0.347826087,0.260869565,0.4,0.285714286,0.714285714
"(((0, 5), (2, 7)), ((1, 4), (3, 6)), ((0, 4), (2, 6)), ((0, 1), (2, 3)))",-1.606355412,-1.713410946,56,36,56,140,32,24,4,92,0.347826087,0.260869565,0.4,0.285714286,0.714285714
"(((0, 5), (2, 7)), ((1, 4), (3, 6)), ((0, 4), (2, 6)), ((1, 5), (2, 6)))",-1.742405501,-1.788032038,56,36,56,140,32,24,4,92,0.347826087,0.260869565,0.4,0.285714286,0.714285714
"(((0, 5), (2, 7)), ((1, 4), (3, 6)), ((0, 4), (2, 6)), ((0, 5), (3, 6)))",-1.660477123,-1.703349782,56,36,56,140,32,24,4,92,0.347826087,0.260869565,0.4,0.285714286,0.714285714
"(((0, 5), (2, 7)), ((1, 4), (3, 6)), ((1, 5), (3, 7)), ((0, 4), (3, 7)))",-1.667881271,-1.745317253,56,36,56,140,32,24,4,92,0.347826087,0.260869565,0.4,0.285714286,0.714285714
"(((0, 5), (2, 7)), ((1, 4), (3, 6)), ((1, 5), (3, 7)), ((1, 4), (2, 7)))",-1.632927699,-1.701997916,56,36,56,140,32,24,4,92,0.347826087,0.260869565,0.4,0.285714286,0.714285714
"(((0, 5), (2, 7)), ((1, 4), (3, 6)), ((1, 5), (3, 7)), ((4, 5), (6, 7)))",-1.622778985,-1.712003116,56,36,56,140,32,24,4,92,0.347826087,0.260869565,0.4,0.285714286,0.714285714
"(((0, 5), (2, 7)), ((1, 4), (3, 6)), ((1, 5), (3, 7)), ((0, 1), (2, 3)))",-1.612989584,-1.712003119,56,36,56,140,32,24,4,92,0.347826087,0.260869565,0.4,0.285714286,0.714285714
"(((0, 5), (2, 7)), ((1, 4), (3, 6)), ((1, 5), (3, 7)), ((1, 5), (2, 6)))",-1.747610869,-1.787139751,56,36,56,140,32,24,4,92,0.347826087,0.260869565,0.4,0.285714286,0.714285714
"(((0, 5), (2, 7)), ((1, 4), (3, 6)), ((1, 5), (3, 7)), ((0, 5), (3, 6)))",-1.665304081,-1.701997916,56,36,56,140,32,24,4,92,0.347826087,0.260869565,0.4,0.285714286,0.714285714
"(((0, 5), (2, 7)), ((1, 4), (3, 6)), ((0, 4), (3, 7)), ((1, 4), (2, 7)))",-1.613179988,-1.731087255,56,36,56,140,32,24,4,92,0.347826087,0.260869565,0.4,0.285714286,0.714285714
"(((0, 5), (2, 7)), ((1, 4), (3, 6)), ((0, 4), (3, 7)), ((4, 5), (6, 7)))",-1.613280495,-1.732645737,56,36,56,140,32,24,4,92,0.347826087,0.260869565,0.4,0.285714286,0.714285714
"(((0, 5), (2, 7)), ((1, 4), (3, 6)), ((0, 4), (3, 7)), ((0, 1), (2, 3)))",-1.597219261,-1.732645736,56,36,56,140,32,24,4,92,0.347826087,0.260869565,0.4,0.285714286,0.714285714
"(((0, 5), (2, 7)), ((1, 4), (3, 6)), ((0, 4), (3, 7)), ((1, 5), (2, 6)))",-1.788862761,-1.875429216,56,36,56,140,32,24,4,92,0.347826087,0.260869565,0.4,0.285714286,0.714285714
"(((0, 5), (2, 7)), ((1, 4), (3, 6)), ((0, 4), (3, 7)), ((0, 5), (3, 6)))",-1.651088807,-1.731087257,56,36,56,140,32,24,4,92,0.347826087,0.260869565,0.4,0.285714286,0.714285714
"(((0, 5), (2, 7)), ((1, 4), (3, 6)), ((1, 4), (2, 7)), ((4, 5), (6, 7)))",-1.564226217,-1.674439869,56,36,56,140,32,24,4,92,0.347826087,0.260869565,0.4,0.285714286,0.714285714
"(((0, 5), (2, 7)), ((1, 4), (3, 6)), ((1, 4), (2, 7)), ((0, 1), (2, 3)))",-1.541366164,-1.673865517,56,36,56,140,32,24,4,92,0.347826087,0.260869565,0.4,0.285714286,0.714285714
"(((0, 5), (2, 7)), ((1, 4), (3, 6)), ((1, 4), (2, 7)), ((1, 5), (2, 6)))",-1.707042405,-1.782575348,56,36,56,140,32,24,4,92,0.347826087,0.260869565,0.4,0.285714286,0.714285714
"(((0, 5), (2, 7)), ((1, 4), (3, 6)), ((1, 4), (2, 7)), ((0, 5), (3, 6)))",-1.588380781,-1.665822801,56,36,56,140,32,24,4,92,0.347826087,0.260869565,0.4,0.285714286,0.714285714
"(((0, 5), (2, 7)), ((1, 4), (3, 6)), ((4, 5), (6, 7)), ((0, 1), (2, 3)))",-1.557860583,-1.686036719,56,36,56,140,32,24,4,92,0.347826087,0.260869565,0.4,0.285714286,0.714285714
"(((0, 5), (2, 7)), ((1, 4), (3, 6)), ((4, 5), (6, 7)), ((1, 5), (2, 6)))",-1.681127734,-1.78237769,56,36,56,140,32,24,4,92,0.347826087,0.260869565,0.4,0.285714286,0.714285714
"(((0, 5), (2, 7)), ((1, 4), (3, 6)), ((4, 5), (6, 7)), ((0, 5), (3, 6)))",-1.584412534,-1.673865513,56,36,56,140,32,24,4,92,0.347826087,0.260869565,0.4,0.285714286,0.714285714
"(((0, 5), (2, 7)), ((1, 4), (3, 6)), ((0, 1), (2, 3)), ((1, 5), (2, 6)))",-1.672185489,-1.782377684,56,36,56,140,32,24,4,92,0.347826087,0.260869565,0.4,0.285714286,0.714285714
"(((0, 5), (2, 7)), ((1, 4), (3, 6)), ((0, 1), (2, 3)), ((0, 5), (3, 6)))",-1.575373949,-1.674439869,56,36,56,140,32,24,4,92,0.347826087,0.260869565,0.4,0.285714286,0.714285714
"(((0, 5), (2, 7)), ((1, 4), (3, 6)), ((1, 5), (2, 6)), ((0, 5), (3, 6)))",-1.733430098,-1.782575347,56,36,56,140,32,24,4,92,0.347826087,0.260869565,0.4,0.285714286,0.714285714
"(((0, 5), (2, 7)), ((0, 4), (2, 6)), ((1, 5), (3, 7)), ((0, 4), (3, 7)))",-1.643393442,-1.710584628,56,36,56,140,32,24,4,92,0.347826087,0.260869565,0.4,0.285714286,0.714285714
"(((0, 5), (2, 7)), ((0, 4), (2, 6)), ((1, 5), (3, 7)), ((1, 4), (2, 7)))",-1.664495394,-1.737647341,56,36,56,140,32,24,4,92,0.347826087,0.260869565,0.4,0.285714286,0.714285714
"(((0, 5), (2, 7)), ((0, 4), (2, 6)), ((1, 5), (3, 7)), ((4, 5), (6, 7)))",-1.631622519,-1.717115633,56,36,56,140,32,24,4,92,0.347826087,0.260869565,0.4,0.285714286,0.714285714
"(((0, 5), (2, 7)), ((0, 4), (2, 6)), ((1, 5), (3, 7)), ((0, 1), (2, 3)))",-1.61230869,-1.717771242,56,36,56,140,32,24,4,92,0.347826087,0.260869565,0.4,0.285714286,0.714285714
"(((0, 5), (2, 7)), ((0, 4), (2, 6)), ((1, 5), (3, 7)), ((1, 5), (2, 6)))",-1.707406931,-1.734411594,56,36,56,140,32,24,4,92,0.347826087,0.260869565,0.4,0.285714286,0.714285714
"(((0, 5), (2, 7)), ((0, 4), (2, 6)), ((1, 5), (3, 7)), ((0, 5), (3, 6)))",-1.703647468,-1.736359301,56,36,56,140,32,24,4,92,0.347826087,0.260869565,0.4,0.285714286,0.714285714
"(((0, 5), (2, 7)), ((0, 4), (2, 6)), ((0, 4), (3, 7)), ((1, 4), (2, 7)))",-1.602139376,-1.703584171,56,36,56,140,32,24,4,92,0.347826087,0.260869565,0.4,0.285714286,0.714285714
"(((0, 5), (2, 7)), ((0, 4), (2, 6)), ((0, 4), (3, 7)), ((4, 5), (6, 7)))",-1.578298478,-1.688426796,56,36,56,140,32,24,4,92,0.347826087,0.260869565,0.4,0.285714286,0.714285714
"(((0, 5), (2, 7)), ((0, 4), (2, 6)), ((0, 4), (3, 7)), ((0, 1), (2, 3)))",-1.561635628,-1.68866222,56,36,56,140,32,24,4,92,0.347826087,0.260869565,0.4,0.285714286,0.714285714
"(((0, 5), (2, 7)), ((0, 4), (2, 6)), ((0, 4), (3, 7)), ((1, 5), (2, 6)))",-1.723457696,-1.795864849,56,36,56,140,32,24,4,92,0.347826087,0.260869565,0.4,0.285714286,0.714285714
"(((0, 5), (2, 7)), ((0, 4), (2, 6)), ((0, 4), (3, 7)), ((0, 5), (3, 6)))",-1.632781229,-1.702429776,56,36,56,140,32,24,4,92,0.347826087,0.260869565,0.4,0.285714286,0.714285714
"(((0, 5), (2, 7)), ((0, 4), (2, 6)), ((1, 4), (2, 7)), ((4, 5), (6, 7)))",-1.565171675,-1.681256024,56,36,56,140,32,24,4,92,0.347826087,0.260869565,0.4,0.285714286,0.714285714
"(((0, 5), (2, 7)), ((0, 4), (2, 6)), ((1, 4), (2, 7)), ((0, 1), (2, 3)))",-1.551688868,-1.681796073,56,36,56,140,32,24,4,92,0.347826087,0.260869565,0.4,0.285714286,0.714285714
"(((0, 5), (2, 7)), ((0, 4), (2, 6)), ((1, 4), (2, 7)), ((1, 5), (2, 6)))",-1.652928514,-1.740262096,56,36,56,140,32,24,4,92,0.347826087,0.260869565,0.4,0.285714286,0.714285714
"(((0, 5), (2, 7)), ((0, 4), (2, 6)), ((1, 4), (2, 7)), ((0, 5), (3, 6)))",-1.658840298,-1.736357942,56,36,56,140,32,24,4,92,0.347826087,0.260869565,0.4,0.285714286,0.714285714
"(((0, 5), (2, 7)), ((0, 4), (2, 6)), ((4, 5), (6, 7)), ((0, 1), (2, 3)))",-1.53997361,-1.687680559,56,36,56,140,32,24,4,92,0.347826087,0.260869565,0.4,0.285714286,0.714285714
"(((0, 5), (2, 7)), ((0, 4), (2, 6)), ((4, 5), (6, 7)), ((1, 5), (2, 6)))",-1.659932275,-1.729530712,56,36,56,140,32,24,4,92,0.347826087,0.260869565,0.4,0.285714286,0.714285714
"(((0, 5), (2, 7)), ((0, 4), (2, 6)), ((4, 5), (6, 7)), ((0, 5), (3, 6)))",-1.611862365,-1.680670381,56,36,56,140,32,24,4,92,0.347826087,0.260869565,0.4,0.285714286,0.714285714
"(((0, 5), (2, 7)), ((0, 4), (2, 6)), ((0, 1), (2, 3)), ((1, 5), (2, 6)))",-1.636075868,-1.729454151,56,36,56,140,32,24,4,92,0.347826087,0.260869565,0.4,0.285714286,0.714285714
"(((0, 5), (2, 7)), ((0, 4), (2, 6)), ((0, 1), (2, 3)), ((0, 5), (3, 6)))",-1.594551334,-1.680295105,56,36,56,140,32,24,4,92,0.347826087,0.260869565,0.4,0.285714286,0.714285714
"(((0, 5), (2, 7)), ((0, 4), (2, 6)), ((1, 5), (2, 6)), ((0, 5), (3, 6)))",-1.699259061,-1.739225946,56,36,56,140,32,24,4,92,0.347826087,0.260869565,0.4,0.285714286,0.714285714
"(((0, 5), (2, 7)), ((1, 5), (3, 7)), ((0, 4), (3, 7)), ((1, 4), (2, 7)))",-1.605594095,-1.703875611,56,36,56,140,32,24,4,92,0.347826087,0.260869565,0.4,0.285714286,0.714285714
"(((0, 5), (2, 7)), ((1, 5), (3, 7)), ((0, 4), (3, 7)), ((4, 5), (6, 7)))",-1.582110738,-1.689044484,56,36,56,140,32,24,4,92,0.347826087,0.260869565,0.4,0.285714286,0.714285714
"(((0, 5), (2, 7)), ((1, 5), (3, 7)), ((0, 4), (3, 7)), ((0, 1), (2, 3)))",-1.564757898,-1.689263263,56,36,56,140,32,24,4,92,0.347826087,0.260869565,0.4,0.285714286,0.714285714
"(((0, 5), (2, 7)), ((1, 5), (3, 7)), ((0, 4), (3, 7)), ((1, 5), (2, 6)))",-1.732107864,-1.795867787,56,36,56,140,32,24,4,92,0.347826087,0.260869565,0.4,0.285714286,0.714285714
"(((0, 5), (2, 7)), ((1, 5), (3, 7)), ((0, 4), (3, 7)), ((0, 5), (3, 6)))",-1.635005516,-1.702731741,56,36,56,140,32,24,4,92,0.347826087,0.260869565,0.4,0.285714286,0.714285714
"(((0, 5), (2, 7)), ((1, 5), (3, 7)), ((1, 4), (2, 7)), ((4, 5), (6, 7)))",-1.571771061,-1.678879296,56,36,56,140,32,24,4,92,0.347826087,0.260869565,0.4,0.285714286,0.714285714
"(((0, 5), (2, 7)), ((1, 5), (3, 7)), ((1, 4), (2, 7)), ((0, 1), (2, 3)))",-1.551831529,-1.679341727,56,36,56,140,32,24,4,92,0.347826087,0.260869565,0.4,0.285714286,0.714285714
"(((0, 5), (2, 7)), ((1, 5), (3, 7)), ((1, 4), (2, 7)), ((1, 5), (2, 6)))",-1.656944641,-1.739266977,56,36,56,140,32,24,4,92,0.347826087,0.260869565,0.4,0.285714286,0.714285714
"(((0, 5), (2, 7)), ((1, 5), (3, 7)), ((1, 4), (2, 7)), ((0, 5), (3, 6)))",-1.656306006,-1.730978411,56,36,56,140,32,24,4,92,0.347826087,0.260869565,0.4,0.285714286,0.714285714
"(((0, 5), (2, 7)), ((1, 5), (3, 7)), ((4, 5), (6, 7)), ((0, 1), (2, 3)))",-1.541493341,-1.683913341,56,36,56,140,32,24,4,92,0.347826087,0.260869565,0.4,0.285714286,0.714285714
"(((0, 5), (2, 7)), ((1, 5), (3, 7)), ((4, 5), (6, 7)), ((1, 5), (2, 6)))",-1.662644458,-1.729161418,56,36,56,140,32,24,4,92,0.347826087,0.260869565,0.4,0.285714286,0.714285714
"(((0, 5), (2, 7)), ((1, 5), (3, 7)), ((4, 5), (6, 7)), ((0, 5), (3, 6)))",-1.6173114,-1.678235219,56,36,56,140,32,24,4,92,0.347826087,0.260869565,0.4,0.285714286,0.714285714
"(((0, 5), (2, 7)), ((1, 5), (3, 7)), ((0, 1), (2, 3)), ((1, 5), (2, 6)))",-1.638827348,-1.729072606,56,36,56,140,32,24,4,92,0.347826087,0.260869565,0.4,0.285714286,0.714285714
"(((0, 5), (2, 7)), ((1, 5), (3, 7)), ((0, 1), (2, 3)), ((0, 5), (3, 6)))",-1.595557226,-1.677914997,56,36,56,140,32,24,4,92,0.347826087,0.260869565,0.4,0.285714286,0.714285714
"(((0, 5), (2, 7)), ((1, 5), (3, 7)), ((1, 5), (2, 6)), ((0, 5), (3, 6)))",-1.703926036,-1.73824993,56,36,56,140,32,24,4,92,0.347826087,0.260869565,0.4,0.285714286,0.714285714
"(((0, 5), (2, 7)), ((0, 4), (3, 7)), ((1, 4), (2, 7)), ((4, 5), (6, 7)))",-1.53371307,-1.684772677,56,36,56,140,32,24,4,92,0.347826087,0.260869565,0.4,0.285714286,0.714285714
"(((0, 5), (2, 7)), ((0, 4), (3, 7)), ((1, 4), (2, 7)), ((0, 1), (2, 3)))",-1.514891485,-1.683545311,56,36,56,140,32,24,4,92,0.347826087,0.260869565,0.4,0.285714286,0.714285714
"(((0, 5), (2, 7)), ((0, 4), (3, 7)), ((1, 4), (2, 7)), ((1, 5), (2, 6)))",-1.66665555,-1.805146762,56,36,56,140,32,24,4,92,0.347826087,0.260869565,0.4,0.285714286,0.714285714
"(((0, 5), (2, 7)), ((0, 4), (3, 7)), ((1, 4), (2, 7)), ((0, 5), (3, 6)))",-1.576431011,-1.696277051,56,36,56,140,32,24,4,92,0.347826087,0.260869565,0.4,0.285714286,0.714285714
"(((0, 5), (2, 7)), ((0, 4), (3, 7)), ((4, 5), (6, 7)), ((0, 1), (2, 3)))",-1.522151587,-1.674759149,56,36,56,140,32,24,4,92,0.347826087,0.260869565,0.4,0.285714286,0.714285714
"(((0, 5), (2, 7)), ((0, 4), (3, 7)), ((4, 5), (6, 7)), ((1, 5), (2, 6)))",-1.677382655,-1.800178624,56,36,56,140,32,24,4,92,0.347826087,0.260869565,0.4,0.285714286,0.714285714
"(((0, 5), (2, 7)), ((0, 4), (3, 7)), ((4, 5), (6, 7)), ((0, 5), (3, 6)))",-1.580152774,-1.682810759,56,36,56,140,32,24,4,92,0.347826087,0.260869565,0.4,0.285714286,0.714285714
"(((0, 5), (2, 7)), ((0, 4), (3, 7)), ((0, 1), (2, 3)), ((1, 5), (2, 6)))",-1.655551696,-1.799845008,56,36,56,140,32,24,4,92,0.347826087,0.260869565,0.4,0.285714286,0.714285714
"(((0, 5), (2, 7)), ((0, 4), (3, 7)), ((0, 1), (2, 3)), ((0, 5), (3, 6)))",-1.561706697,-1.68346263,56,36,56,140,32,24,4,92,0.347826087,0.260869565,0.4,0.285714286,0.714285714
"(((0, 5), (2, 7)), ((0, 4), (3, 7)), ((1, 5), (2, 6)), ((0, 5), (3, 6)))",-1.727519409,-1.799631154,56,36,56,140,32,24,4,92,0.347826087,0.260869565,0.4,0.285714286,0.714285714
"(((0, 5), (2, 7)), ((1, 4), (2, 7)), ((4, 5), (6, 7)), ((0, 1), (2, 3)))",-1.498800006,-1.639288778,56,36,56,140,32,24,4,92,0.347826087,0.260869565,0.4,0.285714286,0.714285714
"(((0, 5), (2, 7)), ((1, 4), (2, 7)), ((4, 5), (6, 7)), ((1, 5), (2, 6)))",-1.620220996,-1.738853922,56,36,56,140,32,24,4,92,0.347826087,0.260869565,0.4,0.285714286,0.714285714
"(((0, 5), (2, 7)), ((1, 4), (2, 7)), ((4, 5), (6, 7)), ((0, 5), (3, 6)))",-1.561859037,-1.669648747,56,36,56,140,32,24,4,92,0.347826087,0.260869565,0.4,0.285714286,0.714285714
"(((0, 5), (2, 7)), ((1, 4), (2, 7)), ((0, 1), (2, 3)), ((1, 5), (2, 6)))",-1.596280058,-1.737515202,56,36,56,140,32,24,4,92,0.347826087,0.260869565,0.4,0.285714286,0.714285714
"(((0, 5), (2, 7)), ((1, 4), (2, 7)), ((0, 1), (2, 3)), ((0, 5), (3, 6)))",-1.537699828,-1.669996175,56,36,56,140,32,24,4,92,0.347826087,0.260869565,0.4,0.285714286,0.714285714
"(((0, 5), (2, 7)), ((1, 4), (2, 7)), ((1, 5), (2, 6)), ((0, 5), (3, 6)))",-1.65941918,-1.747283305,56,36,56,140,32,24,4,92,0.347826087,0.260869565,0.4,0.285714286,0.714285714
"(((0, 5), (2, 7)), ((4, 5), (6, 7)), ((0, 1), (2, 3)), ((1, 5), (2, 6)))",-1.600099833,-1.728999735,56,36,56,140,32,24,4,92,0.347826087,0.260869565,0.4,0.285714286,0.714285714
"(((0, 5), (2, 7)), ((4, 5), (6, 7)), ((0, 1), (2, 3)), ((0, 5), (3, 6)))",-1.538082867,-1.63227601,56,36,56,140,32,24,4,92,0.347826087,0.260869565,0.4,0.285714286,0.714285714
"(((0, 5), (2, 7)), ((4, 5), (6, 7)), ((1, 5), (2, 6)), ((0, 5), (3, 6)))",-1.675513456,-1.736876285,56,36,56,140,32,24,4,92,0.347826087,0.260869565,0.4,0.285714286,0.714285714
"(((0, 5), (2, 7)), ((0, 1), (2, 3)), ((1, 5), (2, 6)), ((0, 5), (3, 6)))",-1.639646972,-1.737542371,56,36,56,140,32,24,4,92,0.347826087,0.260869565,0.4,0.285714286,0.714285714
"(((1, 4), (3, 6)), ((0, 4), (2, 6)), ((1, 5), (3, 7)), ((0, 4), (3, 7)))",-1.628403715,-1.710584623,56,36,56,140,32,24,4,92,0.347826087,0.260869565,0.4,0.285714286,0.714285714
"(((1, 4), (3, 6)), ((0, 4), (2, 6)), ((1, 5), (3, 7)), ((1, 4), (2, 7)))",-1.657411702,-1.736359307,56,36,56,140,32,24,4,92,0.347826087,0.260869565,0.4,0.285714286,0.714285714
"(((1, 4), (3, 6)), ((0, 4), (2, 6)), ((1, 5), (3, 7)), ((4, 5), (6, 7)))",-1.621833906,-1.717771246,56,36,56,140,32,24,4,92,0.347826087,0.260869565,0.4,0.285714286,0.714285714
"(((1, 4), (3, 6)), ((0, 4), (2, 6)), ((1, 5), (3, 7)), ((0, 1), (2, 3)))",-1.60969124,-1.717115634,56,36,56,140,32,24,4,92,0.347826087,0.260869565,0.4,0.285714286,0.714285714
"(((1, 4), (3, 6)), ((0, 4), (2, 6)), ((1, 5), (3, 7)), ((1, 5), (2, 6)))",-1.693695473,-1.734411586,56,36,56,140,32,24,4,92,0.347826087,0.260869565,0.4,0.285714286,0.714285714
"(((1, 4), (3, 6)), ((0, 4), (2, 6)), ((1, 5), (3, 7)), ((0, 5), (3, 6)))",-1.694637486,-1.73764734,56,36,56,140,32,24,4,92,0.347826087,0.260869565,0.4,0.285714286,0.714285714
"(((1, 4), (3, 6)), ((0, 4), (2, 6)), ((0, 4), (3, 7)), ((1, 4), (2, 7)))",-1.578013746,-1.702429762,56,36,56,140,32,24,4,92,0.347826087,0.260869565,0.4,0.285714286,0.714285714
"(((1, 4), (3, 6)), ((0, 4), (2, 6)), ((0, 4), (3, 7)), ((4, 5), (6, 7)))",-1.575425173,-1.68866222,56,36,56,140,32,24,4,92,0.347826087,0.260869565,0.4,0.285714286,0.714285714
"(((1, 4), (3, 6)), ((0, 4), (2, 6)), ((0, 4), (3, 7)), ((0, 1), (2, 3)))",-1.565137416,-1.688426804,56,36,56,140,32,24,4,92,0.347826087,0.260869565,0.4,0.285714286,0.714285714
"(((1, 4), (3, 6)), ((0, 4), (2, 6)), ((0, 4), (3, 7)), ((1, 5), (2, 6)))",-1.709786819,-1.795864844,56,36,56,140,32,24,4,92,0.347826087,0.260869565,0.4,0.285714286,0.714285714
"(((1, 4), (3, 6)), ((0, 4), (2, 6)), ((0, 4), (3, 7)), ((0, 5), (3, 6)))",-1.628004226,-1.703584171,56,36,56,140,32,24,4,92,0.347826087,0.260869565,0.4,0.285714286,0.714285714
"(((1, 4), (3, 6)), ((0, 4), (2, 6)), ((1, 4), (2, 7)), ((4, 5), (6, 7)))",-1.570161895,-1.680295102,56,36,56,140,32,24,4,92,0.347826087,0.260869565,0.4,0.285714286,0.714285714
"(((1, 4), (3, 6)), ((0, 4), (2, 6)), ((1, 4), (2, 7)), ((0, 1), (2, 3)))",-1.55545103,-1.680670379,56,36,56,140,32,24,4,92,0.347826087,0.260869565,0.4,0.285714286,0.714285714
"(((1, 4), (3, 6)), ((0, 4), (2, 6)), ((1, 4), (2, 7)), ((1, 5), (2, 6)))",-1.660637056,-1.739225946,56,36,56,140,32,24,4,92,0.347826087,0.260869565,0.4,0.285714286,0.714285714
"(((1, 4), (3, 6)), ((0, 4), (2, 6)), ((1, 4), (2, 7)), ((0, 5), (3, 6)))",-1.645999742,-1.736357943,56,36,56,140,32,24,4,92,0.347826087,0.260869565,0.4,0.285714286,0.714285714
"(((1, 4), (3, 6)), ((0, 4), (2, 6)), ((4, 5), (6, 7)), ((0, 1), (2, 3)))",-1.550059847,-1.68768056,56,36,56,140,32,24,4,92,0.347826087,0.260869565,0.4,0.285714286,0.714285714
"(((1, 4), (3, 6)), ((0, 4), (2, 6)), ((4, 5), (6, 7)), ((1, 5), (2, 6)))",-1.646925178,-1.729454154,56,36,56,140,32,24,4,92,0.347826087,0.260869565,0.4,0.285714286,0.714285714
"(((1, 4), (3, 6)), ((0, 4), (2, 6)), ((4, 5), (6, 7)), ((0, 5), (3, 6)))",-1.600742456,-1.681796063,56,36,56,140,32,24,4,92,0.347826087,0.260869565,0.4,0.285714286,0.714285714
"(((1, 4), (3, 6)), ((0, 4), (2, 6)), ((0, 1), (2, 3)), ((1, 5), (2, 6)))",-1.63355137,-1.729530708,56,36,56,140,32,24,4,92,0.347826087,0.260869565,0.4,0.285714286,0.714285714
"(((1, 4), (3, 6)), ((0, 4), (2, 6)), ((0, 1), (2, 3)), ((0, 5), (3, 6)))",-1.585266415,-1.681256022,56,36,56,140,32,24,4,92,0.347826087,0.260869565,0.4,0.285714286,0.714285714
"(((1, 4), (3, 6)), ((0, 4), (2, 6)), ((1, 5), (2, 6)), ((0, 5), (3, 6)))",-1.685825763,-1.740262089,56,36,56,140,32,24,4,92,0.347826087,0.260869565,0.4,0.285714286,0.714285714
"(((1, 4), (3, 6)), ((1, 5), (3, 7)), ((0, 4), (3, 7)), ((1, 4), (2, 7)))",-1.583443366,-1.702731744,56,36,56,140,32,24,4,92,0.347826087,0.260869565,0.4,0.285714286,0.714285714
"(((1, 4), (3, 6)), ((1, 5), (3, 7)), ((0, 4), (3, 7)), ((4, 5), (6, 7)))",-1.575924007,-1.689263263,56,36,56,140,32,24,4,92,0.347826087,0.260869565,0.4,0.285714286,0.714285714
"(((1, 4), (3, 6)), ((1, 5), (3, 7)), ((0, 4), (3, 7)), ((0, 1), (2, 3)))",-1.567729632,-1.689044482,56,36,56,140,32,24,4,92,0.347826087,0.260869565,0.4,0.285714286,0.714285714
"(((1, 4), (3, 6)), ((1, 5), (3, 7)), ((0, 4), (3, 7)), ((1, 5), (2, 6)))",-1.714778287,-1.795867794,56,36,56,140,32,24,4,92,0.347826087,0.260869565,0.4,0.285714286,0.714285714
"(((1, 4), (3, 6)), ((1, 5), (3, 7)), ((0, 4), (3, 7)), ((0, 5), (3, 6)))",-1.628767421,-1.703875613,56,36,56,140,32,24,4,92,0.347826087,0.260869565,0.4,0.285714286,0.714285714
"(((1, 4), (3, 6)), ((1, 5), (3, 7)), ((1, 4), (2, 7)), ((4, 5), (6, 7)))",-1.574006507,-1.677915013,56,36,56,140,32,24,4,92,0.347826087,0.260869565,0.4,0.285714286,0.714285714
"(((1, 4), (3, 6)), ((1, 5), (3, 7)), ((1, 4), (2, 7)), ((0, 1), (2, 3)))",-1.559752585,-1.678235217,56,36,56,140,32,24,4,92,0.347826087,0.260869565,0.4,0.285714286,0.714285714
"(((1, 4), (3, 6)), ((1, 5), (3, 7)), ((1, 4), (2, 7)), ((1, 5), (2, 6)))",-1.664890127,-1.738249932,56,36,56,140,32,24,4,92,0.347826087,0.260869565,0.4,0.285714286,0.714285714
"(((1, 4), (3, 6)), ((1, 5), (3, 7)), ((1, 4), (2, 7)), ((0, 5), (3, 6)))",-1.643826854,-1.730978406,56,36,56,140,32,24,4,92,0.347826087,0.260869565,0.4,0.285714286,0.714285714
"(((1, 4), (3, 6)), ((1, 5), (3, 7)), ((4, 5), (6, 7)), ((0, 1), (2, 3)))",-1.556642371,-1.683913345,56,36,56,140,32,24,4,92,0.347826087,0.260869565,0.4,0.285714286,0.714285714
"(((1, 4), (3, 6)), ((1, 5), (3, 7)), ((4, 5), (6, 7)), ((1, 5), (2, 6)))",-1.650394498,-1.729072588,56,36,56,140,32,24,4,92,0.347826087,0.260869565,0.4,0.285714286,0.714285714
"(((1, 4), (3, 6)), ((1, 5), (3, 7)), ((4, 5), (6, 7)), ((0, 5), (3, 6)))",-1.605219962,-1.679341731,56,36,56,140,32,24,4,92,0.347826087,0.260869565,0.4,0.285714286,0.714285714
"(((1, 4), (3, 6)), ((1, 5), (3, 7)), ((0, 1), (2, 3)), ((1, 5), (2, 6)))",-1.637049117,-1.72916142,56,36,56,140,32,24,4,92,0.347826087,0.260869565,0.4,0.285714286,0.714285714
"(((1, 4), (3, 6)), ((1, 5), (3, 7)), ((0, 1), (2, 3)), ((0, 5), (3, 6)))",-1.591991877,-1.67887929,56,36,56,140,32,24,4,92,0.347826087,0.260869565,0.4,0.285714286,0.714285714
"(((1, 4), (3, 6)), ((1, 5), (3, 7)), ((1, 5), (2, 6)), ((0, 5), (3, 6)))",-1.69074826,-1.73926697,56,36,56,140,32,24,4,92,0.347826087,0.260869565,0.4,0.285714286,0.714285714
"(((1, 4), (3, 6)), ((0, 4), (3, 7)), ((1, 4), (2, 7)), ((4, 5), (6, 7)))",-1.526549748,-1.683462641,56,36,56,140,32,24,4,92,0.347826087,0.260869565,0.4,0.285714286,0.714285714
"(((1, 4), (3, 6)), ((0, 4), (3, 7)), ((1, 4), (2, 7)), ((0, 1), (2, 3)))",-1.512880291,-1.682810749,56,36,56,140,32,24,4,92,0.347826087,0.260869565,0.4,0.285714286,0.714285714
"(((1, 4), (3, 6)), ((0, 4), (3, 7)), ((1, 4), (2, 7)), ((1, 5), (2, 6)))",-1.665786876,-1.804103104,56,36,56,140,32,24,4,92,0.347826087,0.260869565,0.4,0.285714286,0.714285714
"(((1, 4), (3, 6)), ((0, 4), (3, 7)), ((1, 4), (2, 7)), ((0, 5), (3, 6)))",-1.581084958,-1.696277053,56,36,56,140,32,24,4,92,0.347826087,0.260869565,0.4,0.285714286,0.714285714
"(((1, 4), (3, 6)), ((0, 4), (3, 7)), ((4, 5), (6, 7)), ((0, 1), (2, 3)))",-1.527974001,-1.674759138,56,36,56,140,32,24,4,92,0.347826087,0.260869565,0.4,0.285714286,0.714285714
"(((1, 4), (3, 6)), ((0, 4), (3, 7)), ((4, 5), (6, 7)), ((1, 5), (2, 6)))",-1.672425109,-1.799845012,56,36,56,140,32,24,4,92,0.347826087,0.260869565,0.4,0.285714286,0.714285714
"(((1, 4), (3, 6)), ((0, 4), (3, 7)), ((4, 5), (6, 7)), ((0, 5), (3, 6)))",-1.579355161,-1.683545314,56,36,56,140,32,24,4,92,0.347826087,0.260869565,0.4,0.285714286,0.714285714
"(((1, 4), (3, 6)), ((0, 4), (3, 7)), ((0, 1), (2, 3)), ((1, 5), (2, 6)))",-1.654678006,-1.800178625,56,36,56,140,32,24,4,92,0.347826087,0.260869565,0.4,0.285714286,0.714285714
"(((1, 4), (3, 6)), ((0, 4), (3, 7)), ((0, 1), (2, 3)), ((0, 5), (3, 6)))",-1.555206059,-1.684772678,56,36,56,140,32,24,4,92,0.347826087,0.260869565,0.4,0.285714286,0.714285714
"(((1, 4), (3, 6)), ((0, 4), (3, 7)), ((1, 5), (2, 6)), ((0, 5), (3, 6)))",-1.711417377,-1.800535335,56,36,56,140,32,24,4,92,0.347826087,0.260869565,0.4,0.285714286,0.714285714
"(((1, 4), (3, 6)), ((1, 4), (2, 7)), ((4, 5), (6, 7)), ((0, 1), (2, 3)))",-1.498532217,-1.640027088,56,36,56,140,32,24,4,92,0.347826087,0.260869565,0.4,0.285714286,0.714285714
"(((1, 4), (3, 6)), ((1, 4), (2, 7)), ((4, 5), (6, 7)), ((1, 5), (2, 6)))",-1.617074587,-1.737542384,56,36,56,140,32,24,4,92,0.347826087,0.260869565,0.4,0.285714286,0.714285714
"(((1, 4), (3, 6)), ((1, 4), (2, 7)), ((4, 5), (6, 7)), ((0, 5), (3, 6)))",-1.561225889,-1.669996177,56,36,56,140,32,24,4,92,0.347826087,0.260869565,0.4,0.285714286,0.714285714
"(((1, 4), (3, 6)), ((1, 4), (2, 7)), ((0, 1), (2, 3)), ((1, 5), (2, 6)))",-1.597766357,-1.736876284,56,36,56,140,32,24,4,92,0.347826087,0.260869565,0.4,0.285714286,0.714285714
"(((1, 4), (3, 6)), ((1, 4), (2, 7)), ((0, 1), (2, 3)), ((0, 5), (3, 6)))",-1.538652717,-1.669648754,56,36,56,140,32,24,4,92,0.347826087,0.260869565,0.4,0.285714286,0.714285714
"(((1, 4), (3, 6)), ((1, 4), (2, 7)), ((1, 5), (2, 6)), ((0, 5), (3, 6)))",-1.661081614,-1.747283307,56,36,56,140,32,24,4,92,0.347826087,0.260869565,0.4,0.285714286,0.714285714
"(((1, 4), (3, 6)), ((4, 5), (6, 7)), ((0, 1), (2, 3)), ((1, 5), (2, 6)))",-1.598500526,-1.728999736,56,36,56,140,32,24,4,92,0.347826087,0.260869565,0.4,0.285714286,0.714285714
"(((1, 4), (3, 6)), ((4, 5), (6, 7)), ((0, 1), (2, 3)), ((0, 5), (3, 6)))",-1.534645748,-1.632672038,56,36,56,140,32,24,4,92,0.347826087,0.260869565,0.4,0.285714286,0.714285714
"(((1, 4), (3, 6)), ((4, 5), (6, 7)), ((1, 5), (2, 6)), ((0, 5), (3, 6)))",-1.660379789,-1.73751519,56,36,56,140,32,24,4,92,0.347826087,0.260869565,0.4,0.285714286,0.714285714
"(((1, 4), (3, 6)), ((0, 1), (2, 3)), ((1, 5), (2, 6)), ((0, 5), (3, 6)))",-1.632212814,-1.738853924,56,36,56,140,32,24,4,92,0.347826087,0.260869565,0.4,0.285714286,0.714285714
"(((0, 4), (2, 6)), ((1, 5), (3, 7)), ((0, 4), (3, 7)), ((1, 4), (2, 7)))",-1.591372769,-1.720993519,56,36,56,140,32,24,4,92,0.347826087,0.260869565,0.4,0.285714286,0.714285714
"(((0, 4), (2, 6)), ((1, 5), (3, 7)), ((0, 4), (3, 7)), ((4, 5), (6, 7)))",-1.544462656,-1.656726392,56,36,56,140,32,24,4,92,0.347826087,0.260869565,0.4,0.285714286,0.714285714
"(((0, 4), (2, 6)), ((1, 5), (3, 7)), ((0, 4), (3, 7)), ((0, 1), (2, 3)))",-1.520404855,-1.656726399,56,36,56,140,32,24,4,92,0.347826087,0.260869565,0.4,0.285714286,0.714285714
"(((0, 4), (2, 6)), ((1, 5), (3, 7)), ((0, 4), (3, 7)), ((1, 5), (2, 6)))",-1.627140269,-1.68188253,56,36,56,140,32,24,4,92,0.347826087,0.260869565,0.4,0.285714286,0.714285714
"(((0, 4), (2, 6)), ((1, 5), (3, 7)), ((0, 4), (3, 7)), ((0, 5), (3, 6)))",-1.627769405,-1.720993518,56,36,56,140,32,24,4,92,0.347826087,0.260869565,0.4,0.285714286,0.714285714
"(((0, 4), (2, 6)), ((1, 5), (3, 7)), ((1, 4), (2, 7)), ((4, 5), (6, 7)))",-1.602793319,-1.718982371,56,36,56,140,32,24,4,92,0.347826087,0.260869565,0.4,0.285714286,0.714285714
"(((0, 4), (2, 6)), ((1, 5), (3, 7)), ((1, 4), (2, 7)), ((0, 1), (2, 3)))",-1.581921792,-1.719351438,56,36,56,140,32,24,4,92,0.347826087,0.260869565,0.4,0.285714286,0.714285714
"(((0, 4), (2, 6)), ((1, 5), (3, 7)), ((1, 4), (2, 7)), ((1, 5), (2, 6)))",-1.646410007,-1.72808867,56,36,56,140,32,24,4,92,0.347826087,0.260869565,0.4,0.285714286,0.714285714
"(((0, 4), (2, 6)), ((1, 5), (3, 7)), ((1, 4), (2, 7)), ((0, 5), (3, 6)))",-1.721705793,-1.811790042,56,36,56,140,32,24,4,92,0.347826087,0.260869565,0.4,0.285714286,0.714285714
"(((0, 4), (2, 6)), ((1, 5), (3, 7)), ((4, 5), (6, 7)), ((0, 1), (2, 3)))",-1.533214554,-1.666554875,56,36,56,140,32,24,4,92,0.347826087,0.260869565,0.4,0.285714286,0.714285714
"(((0, 4), (2, 6)), ((1, 5), (3, 7)), ((4, 5), (6, 7)), ((1, 5), (2, 6)))",-1.614024647,-1.663149367,56,36,56,140,32,24,4,92,0.347826087,0.260869565,0.4,0.285714286,0.714285714
"(((0, 4), (2, 6)), ((1, 5), (3, 7)), ((4, 5), (6, 7)), ((0, 5), (3, 6)))",-1.640118058,-1.719351446,56,36,56,140,32,24,4,92,0.347826087,0.260869565,0.4,0.285714286,0.714285714
"(((0, 4), (2, 6)), ((1, 5), (3, 7)), ((0, 1), (2, 3)), ((1, 5), (2, 6)))",-1.586061046,-1.663149427,56,36,56,140,32,24,4,92,0.347826087,0.260869565,0.4,0.285714286,0.714285714
"(((0, 4), (2, 6)), ((1, 5), (3, 7)), ((0, 1), (2, 3)), ((0, 5), (3, 6)))",-1.622779682,-1.718982367,56,36,56,140,32,24,4,92,0.347826087,0.260869565,0.4,0.285714286,0.714285714
"(((0, 4), (2, 6)), ((1, 5), (3, 7)), ((1, 5), (2, 6)), ((0, 5), (3, 6)))",-1.692495493,-1.728088669,56,36,56,140,32,24,4,92,0.347826087,0.260869565,0.4,0.285714286,0.714285714
"(((0, 4), (2, 6)), ((0, 4), (3, 7)), ((1, 4), (2, 7)), ((4, 5), (6, 7)))",-1.542250593,-1.685714895,56,36,56,140,32,24,4,92,0.347826087,0.260869565,0.4,0.285714286,0.714285714
"(((0, 4), (2, 6)), ((0, 4), (3, 7)), ((1, 4), (2, 7)), ((0, 1), (2, 3)))",-1.520102673,-1.683147186,56,36,56,140,32,24,4,92,0.347826087,0.260869565,0.4,0.285714286,0.714285714
"(((0, 4), (2, 6)), ((0, 4), (3, 7)), ((1, 4), (2, 7)), ((1, 5), (2, 6)))",-1.618231701,-1.730635366,56,36,56,140,32,24,4,92,0.347826087,0.260869565,0.4,0.285714286,0.714285714
"(((0, 4), (2, 6)), ((0, 4), (3, 7)), ((1, 4), (2, 7)), ((0, 5), (3, 6)))",-1.618000697,-1.74920642,56,36,56,140,32,24,4,92,0.347826087,0.260869565,0.4,0.285714286,0.714285714
"(((0, 4), (2, 6)), ((0, 4), (3, 7)), ((4, 5), (6, 7)), ((0, 1), (2, 3)))",-1.504166571,-1.628611936,56,36,56,140,32,24,4,92,0.347826087,0.260869565,0.4,0.285714286,0.714285714
"(((0, 4), (2, 6)), ((0, 4), (3, 7)), ((4, 5), (6, 7)), ((1, 5), (2, 6)))",-1.60377883,-1.706868217,56,36,56,140,32,24,4,92,0.347826087,0.260869565,0.4,0.285714286,0.714285714
"(((0, 4), (2, 6)), ((0, 4), (3, 7)), ((4, 5), (6, 7)), ((0, 5), (3, 6)))",-1.568246315,-1.683147189,56,36,56,140,32,24,4,92,0.347826087,0.260869565,0.4,0.285714286,0.714285714
"(((0, 4), (2, 6)), ((0, 4), (3, 7)), ((0, 1), (2, 3)), ((1, 5), (2, 6)))",-1.58819323,-1.706868218,56,36,56,140,32,24,4,92,0.347826087,0.260869565,0.4,0.285714286,0.714285714
"(((0, 4), (2, 6)), ((0, 4), (3, 7)), ((0, 1), (2, 3)), ((0, 5), (3, 6)))",-1.556323011,-1.685714893,56,36,56,140,32,24,4,92,0.347826087,0.260869565,0.4,0.285714286,0.714285714
"(((0, 4), (2, 6)), ((0, 4), (3, 7)), ((1, 5), (2, 6)), ((0, 5), (3, 6)))",-1.637718101,-1.719870718,56,36,56,140,32,24,4,92,0.347826087,0.260869565,0.4,0.285714286,0.714285714
"(((0, 4), (2, 6)), ((1, 4), (2, 7)), ((4, 5), (6, 7)), ((0, 1), (2, 3)))",-1.528171957,-1.674192607,56,36,56,140,32,24,4,92,0.347826087,0.260869565,0.4,0.285714286,0.714285714
"(((0, 4), (2, 6)), ((1, 4), (2, 7)), ((4, 5), (6, 7)), ((1, 5), (2, 6)))",-1.614992481,-1.717516944,56,36,56,140,32,24,4,92,0.347826087,0.260869565,0.4,0.285714286,0.714285714
"(((0, 4), (2, 6)), ((1, 4), (2, 7)), ((4, 5), (6, 7)), ((0, 5), (3, 6)))",-1.620696107,-1.745762994,56,36,56,140,32,24,4,92,0.347826087,0.260869565,0.4,0.285714286,0.714285714
"(((0, 4), (2, 6)), ((1, 4), (2, 7)), ((0, 1), (2, 3)), ((1, 5), (2, 6)))",-1.59180315,-1.71416756,56,36,56,140,32,24,4,92,0.347826087,0.260869565,0.4,0.285714286,0.714285714
"(((0, 4), (2, 6)), ((1, 4), (2, 7)), ((0, 1), (2, 3)), ((0, 5), (3, 6)))",-1.602712698,-1.74576299,56,36,56,140,32,24,4,92,0.347826087,0.260869565,0.4,0.285714286,0.714285714
"(((0, 4), (2, 6)), ((1, 4), (2, 7)), ((1, 5), (2, 6)), ((0, 5), (3, 6)))",-1.679294701,-1.768173066,56,36,56,140,32,24,4,92,0.347826087,0.260869565,0.4,0.285714286,0.714285714
"(((0, 4), (2, 6)), ((4, 5), (6, 7)), ((0, 1), (2, 3)), ((1, 5), (2, 6)))",-1.575406,-1.67561512,56,36,56,140,32,24,4,92,0.347826087,0.260869565,0.4,0.285714286,0.714285714
"(((0, 4), (2, 6)), ((4, 5), (6, 7)), ((0, 1), (2, 3)), ((0, 5), (3, 6)))",-1.552157056,-1.671865562,56,36,56,140,32,24,4,92,0.347826087,0.260869565,0.4,0.285714286,0.714285714
"(((0, 4), (2, 6)), ((4, 5), (6, 7)), ((1, 5), (2, 6)), ((0, 5), (3, 6)))",-1.658552259,-1.71416756,56,36,56,140,32,24,4,92,0.347826087,0.260869565,0.4,0.285714286,0.714285714
"(((0, 4), (2, 6)), ((0, 1), (2, 3)), ((1, 5), (2, 6)), ((0, 5), (3, 6)))",-1.62245709,-1.717516946,56,36,56,140,32,24,4,92,0.347826087,0.260869565,0.4,0.285714286,0.714285714
"(((1, 5), (3, 7)), ((0, 4), (3, 7)), ((1, 4), (2, 7)), ((4, 5), (6, 7)))",-1.545419569,-1.685880928,56,36,56,140,32,24,4,92,0.347826087,0.260869565,0.4,0.285714286,0.714285714
"(((1, 5), (3, 7)), ((0, 4), (3, 7)), ((1, 4), (2, 7)), ((0, 1), (2, 3)))",-1.522300837,-1.683212081,56,36,56,140,32,24,4,92,0.347826087,0.260869565,0.4,0.285714286,0.714285714
"(((1, 5), (3, 7)), ((0, 4), (3, 7)), ((1, 4), (2, 7)), ((1, 5), (2, 6)))",-1.62220022,-1.730293932,56,36,56,140,32,24,4,92,0.347826087,0.260869565,0.4,0.285714286,0.714285714
"(((1, 5), (3, 7)), ((0, 4), (3, 7)), ((1, 4), (2, 7)), ((0, 5), (3, 6)))",-1.612185988,-1.746350643,56,36,56,140,32,24,4,92,0.347826087,0.260869565,0.4,0.285714286,0.714285714
"(((1, 5), (3, 7)), ((0, 4), (3, 7)), ((4, 5), (6, 7)), ((0, 1), (2, 3)))",-1.50553001,-1.62941018,56,36,56,140,32,24,4,92,0.347826087,0.260869565,0.4,0.285714286,0.714285714
"(((1, 5), (3, 7)), ((0, 4), (3, 7)), ((4, 5), (6, 7)), ((1, 5), (2, 6)))",-1.606562379,-1.70659802,56,36,56,140,32,24,4,92,0.347826087,0.260869565,0.4,0.285714286,0.714285714
"(((1, 5), (3, 7)), ((0, 4), (3, 7)), ((4, 5), (6, 7)), ((0, 5), (3, 6)))",-1.572683058,-1.683212097,56,36,56,140,32,24,4,92,0.347826087,0.260869565,0.4,0.285714286,0.714285714
"(((1, 5), (3, 7)), ((0, 4), (3, 7)), ((0, 1), (2, 3)), ((1, 5), (2, 6)))",-1.59124117,-1.70659802,56,36,56,140,32,24,4,92,0.347826087,0.260869565,0.4,0.285714286,0.714285714
"(((1, 5), (3, 7)), ((0, 4), (3, 7)), ((0, 1), (2, 3)), ((0, 5), (3, 6)))",-1.559560619,-1.685880922,56,36,56,140,32,24,4,92,0.347826087,0.260869565,0.4,0.285714286,0.714285714
"(((1, 5), (3, 7)), ((0, 4), (3, 7)), ((1, 5), (2, 6)), ((0, 5), (3, 6)))",-1.63856235,-1.719520253,56,36,56,140,32,24,4,92,0.347826087,0.260869565,0.4,0.285714286,0.714285714
"(((1, 5), (3, 7)), ((1, 4), (2, 7)), ((4, 5), (6, 7)), ((0, 1), (2, 3)))",-1.529517339,-1.672542172,56,36,56,140,32,24,4,92,0.347826087,0.260869565,0.4,0.285714286,0.714285714
"(((1, 5), (3, 7)), ((1, 4), (2, 7)), ((4, 5), (6, 7)), ((1, 5), (2, 6)))",-1.615766032,-1.716780822,56,36,56,140,32,24,4,92,0.347826087,0.260869565,0.4,0.285714286,0.714285714
"(((1, 5), (3, 7)), ((1, 4), (2, 7)), ((4, 5), (6, 7)), ((0, 5), (3, 6)))",-1.621647167,-1.74121221,56,36,56,140,32,24,4,92,0.347826087,0.260869565,0.4,0.285714286,0.714285714
"(((1, 5), (3, 7)), ((1, 4), (2, 7)), ((0, 1), (2, 3)), ((1, 5), (2, 6)))",-1.59268716,-1.713376723,56,36,56,140,32,24,4,92,0.347826087,0.260869565,0.4,0.285714286,0.714285714
"(((1, 5), (3, 7)), ((1, 4), (2, 7)), ((0, 1), (2, 3)), ((0, 5), (3, 6)))",-1.602039954,-1.741212206,56,36,56,140,32,24,4,92,0.347826087,0.260869565,0.4,0.285714286,0.714285714
"(((1, 5), (3, 7)), ((1, 4), (2, 7)), ((1, 5), (2, 6)), ((0, 5), (3, 6)))",-1.677326068,-1.763847565,56,36,56,140,32,24,4,92,0.347826087,0.260869565,0.4,0.285714286,0.714285714
"(((1, 5), (3, 7)), ((4, 5), (6, 7)), ((0, 1), (2, 3)), ((1, 5), (2, 6)))",-1.575800858,-1.675711485,56,36,56,140,32,24,4,92,0.347826087,0.260869565,0.4,0.285714286,0.714285714
"(((1, 5), (3, 7)), ((4, 5), (6, 7)), ((0, 1), (2, 3)), ((0, 5), (3, 6)))",-1.553355247,-1.669971015,56,36,56,140,32,24,4,92,0.347826087,0.260869565,0.4,0.285714286,0.714285714
"(((1, 5), (3, 7)), ((4, 5), (6, 7)), ((1, 5), (2, 6)), ((0, 5), (3, 6)))",-1.659365802,-1.713376729,56,36,56,140,32,24,4,92,0.347826087,0.260869565,0.4,0.285714286,0.714285714
"(((1, 5), (3, 7)), ((0, 1), (2, 3)), ((1, 5), (2, 6)), ((0, 5), (3, 6)))",-1.621862944,-1.716780827,56,36,56,140,32,24,4,92,0.347826087,0.260869565,0.4,0.285714286,0.714285714
"(((0, 4), (3, 7)), ((1, 4), (2, 7)), ((4, 5), (6, 7)), ((0, 1), (2, 3)))",-1.498849164,-1.705514955,56,36,56,140,32,24,4,92,0.347826087,0.260869565,0.4,0.285714286,0.714285714
"(((0, 4), (3, 7)), ((1, 4), (2, 7)), ((4, 5), (6, 7)), ((1, 5), (2, 6)))",-1.610890125,-1.769681941,56,36,56,140,32,24,4,92,0.347826087,0.260869565,0.4,0.285714286,0.714285714
"(((0, 4), (3, 7)), ((1, 4), (2, 7)), ((4, 5), (6, 7)), ((0, 5), (3, 6)))",-1.570989329,-1.729717217,56,36,56,140,32,24,4,92,0.347826087,0.260869565,0.4,0.285714286,0.714285714
"(((0, 4), (3, 7)), ((1, 4), (2, 7)), ((0, 1), (2, 3)), ((1, 5), (2, 6)))",-1.590484662,-1.765137287,56,36,56,140,32,24,4,92,0.347826087,0.260869565,0.4,0.285714286,0.714285714
"(((0, 4), (3, 7)), ((1, 4), (2, 7)), ((0, 1), (2, 3)), ((0, 5), (3, 6)))",-1.553120962,-1.729717215,56,36,56,140,32,24,4,92,0.347826087,0.260869565,0.4,0.285714286,0.714285714
"(((0, 4), (3, 7)), ((1, 4), (2, 7)), ((1, 5), (2, 6)), ((0, 5), (3, 6)))",-1.641294225,-1.764859892,56,36,56,140,32,24,4,92,0.347826087,0.260869565,0.4,0.285714286,0.714285714
"(((0, 4), (3, 7)), ((4, 5), (6, 7)), ((0, 1), (2, 3)), ((1, 5), (2, 6)))",-1.570996241,-1.725758752,56,36,56,140,32,24,4,92,0.347826087,0.260869565,0.4,0.285714286,0.714285714
"(((0, 4), (3, 7)), ((4, 5), (6, 7)), ((0, 1), (2, 3)), ((0, 5), (3, 6)))",-1.533554728,-1.689845447,56,36,56,140,32,24,4,92,0.347826087,0.260869565,0.4,0.285714286,0.714285714
"(((0, 4), (3, 7)), ((4, 5), (6, 7)), ((1, 5), (2, 6)), ((0, 5), (3, 6)))",-1.63945008,-1.745788788,56,36,56,140,32,24,4,92,0.347826087,0.260869565,0.4,0.285714286,0.714285714
"(((0, 4), (3, 7)), ((0, 1), (2, 3)), ((1, 5), (2, 6)), ((0, 5), (3, 6)))",-1.621894025,-1.749833007,56,36,56,140,32,24,4,92,0.347826087,0.260869565,0.4,0.285714286,0.714285714
"(((1, 4), (2, 7)), ((4, 5), (6, 7)), ((0, 1), (2, 3)), ((1, 5), (2, 6)))",-1.577112195,-1.73702425,56,36,56,140,32,24,4,92,0.347826087,0.260869565,0.4,0.285714286,0.714285714
"(((1, 4), (2, 7)), ((4, 5), (6, 7)), ((0, 1), (2, 3)), ((0, 5), (3, 6)))",-1.537126744,-1.693828314,56,36,56,140,32,24,4,92,0.347826087,0.260869565,0.4,0.285714286,0.714285714
"(((1, 4), (2, 7)), ((4, 5), (6, 7)), ((1, 5), (2, 6)), ((0, 5), (3, 6)))",-1.653634474,-1.774790814,56,36,56,140,32,24,4,92,0.347826087,0.260869565,0.4,0.285714286,0.714285714
"(((1, 4), (2, 7)), ((0, 1), (2, 3)), ((1, 5), (2, 6)), ((0, 5), (3, 6)))",-1.628442564,-1.774790816,56,36,56,140,32,24,4,92,0.347826087,0.260869565,0.4,0.285714286,0.714285714
"(((4, 5), (6, 7)), ((0, 1), (2, 3)), ((1, 5), (2, 6)), ((0, 5), (3, 6)))",-1.616506204,-1.731180703,56,36,56,140,32,24,4,92,0.347826087,0.260869565,0.4,0.285714286,0.714285714
